YEAR,CONF ID,CONF,CONF TYPE,GAMES,W,L,WIN%,BADJ EM,BADJ O,BADJ D,BARTHAG,EFG%,EFGD%,TOV%,TOV%D,ORB%,DRB%,FTR,FTRD,2PT%,2PT%D,3PT%,3P%TD,BADJ T,WAB
2024,1,A10,MID,323,193,130,59.75232198,5.4,107.6,102.2,0.6439,51.5,48.6,16.7,16.9,28.8,28.7,33.8,32,50.8,47.7,35.1,33.4,68.6,-3.5
2024,2,ACC,HIGH,332,202,130,60.84337349,11.3,110.2,98.9,0.7755,51.3,48.9,16,17.4,28.8,27.2,32.2,29.8,51,49,34.5,32.6,69,-1.3
2024,3,AE,LOW,184,90,94,48.91304348,-5.3,101.2,106.5,0.3572,49.9,49.3,17.1,16.2,26.1,29,30.2,31.8,50.7,50.3,32.3,31.5,70.8,-6.7
2024,4,Amer,MID,294,163,131,55.44217687,4.1,107.5,103.4,0.6081,50.4,49.3,16.7,17.5,31.1,30.8,34.6,31.3,50.8,49.2,33.2,32.9,68.9,-4.3
2024,5,ASun,MID,254,102,152,40.15748031,-7.8,103.3,111.1,0.3014,50.6,52.9,16.6,15.8,27.9,30.7,29.8,33,49.6,52.6,34.7,35.7,69,-8.5
2024,6,B10,HIGH,314,197,117,62.7388535,15.2,113.2,98,0.8394,51.9,48.5,16,17.3,31.1,28.9,34.8,29.9,52,47.7,34.5,33.3,68.6,-0.2
2024,7,B12,HIGH,311,211,100,67.84565916,17,112.9,95.9,0.8674,52.5,47.7,17.3,19.1,33.1,27.6,33.5,30.8,52.4,47.3,35.2,32.3,68.6,0.6
2024,8,BE,HIGH,246,146,100,59.3495935,13.6,112.2,98.6,0.8162,51.7,48.5,16.7,16.9,31.1,28.9,31.2,28.4,52.2,48.1,33.9,32.9,68.6,-0.6
2024,9,BSky,MID,207,95,112,45.89371981,-4.8,103.1,107.9,0.3703,51.4,52.9,17.4,16.8,25.8,27.2,31.9,34.7,52,53.2,33.6,34.9,68.1,-7.2
2024,10,BSth,LOW,190,89,101,46.84210526,-3.2,104.2,107.4,0.4134,50.2,51,17.2,16.7,29.7,29.4,38,37.5,49.9,51.9,33.9,33,68.3,-7
2024,11,BW,LOW,228,111,117,48.68421053,-2.7,101.8,104.5,0.427,49,49.4,18,17.8,29.1,28.9,35,36.2,49,49,32.6,33.4,68.5,-6.6
2024,12,CAA,LOW,302,142,160,47.01986755,-3.6,104.2,107.8,0.4035,50,51.3,16.6,16.2,29.3,29.7,31.7,30.1,49.8,51.1,33.5,34.4,68,-7.3
2024,13,CUSA,MID,180,84,96,46.66666667,-1.3,101.3,102.6,0.4636,48.9,50.2,19.3,19.7,29.5,29.2,34.3,36.2,49.1,50.2,32.4,33.5,68.9,-6.5
2024,14,Horz,LOW,241,107,134,44.39834025,-6,103.5,109.5,0.3432,50.9,52.6,17.7,17.8,30.5,31.9,31.5,32.7,51.7,53.2,33.1,34.4,69.1,-8.1
2024,35,ind,LOW,25,9,16,36,-8.4,97.4,105.8,0.2792,45.6,52.3,20.4,21.6,32.1,35.4,38.3,36.2,45.9,55,30,31.6,66.2,-10.6
2024,15,Ivy,MID,144,75,69,52.08333333,-0.1,105.5,105.6,0.4972,51.4,51.1,17,16.1,27.3,27.5,30,27.6,52,51.7,33.6,33.5,67.9,-4.7
2024,16,MAAC,LOW,228,102,126,44.73684211,-6.5,99.9,106.4,0.3256,49,50.7,18.7,18.3,30,29.4,30.1,32.7,48.7,51,33.2,33.4,68.9,-8.1
2024,17,MAC,MID,256,119,137,46.484375,-5.7,102.6,108.3,0.3498,50.6,51.7,17.4,16.7,28.5,29.3,32.9,31.2,51,52.4,33.3,33.8,68.6,-7.6
2024,18,MEAC,LOW,160,52,108,32.5,-13.6,95.7,109.3,0.1778,45.7,51.4,20.3,19.5,30.9,33.4,35.4,39.8,45.7,52,30.5,33.6,69.1,-9.9
2024,19,MVC,MID,265,145,120,54.71698113,3.9,106.4,102.5,0.6059,52.2,50.4,16.7,17.1,25.2,26,31.4,29.9,52.3,50.5,34.6,33.4,68.4,-4.7
2024,20,MWC,MID,234,142,92,60.68376068,8.6,110.1,101.5,0.7184,52.9,50.6,16.5,17.6,28.1,28.2,34.4,31.5,53.4,50.9,34.7,33.3,68.1,-2
2024,21,NEC,LOW,187,67,120,35.82887701,-13.7,96.4,110.1,0.1781,48,51.6,18.3,18.5,26,31.8,29.8,32,48,51.8,32.1,34.1,68.8,-10.1
2024,22,OVC,LOW,219,88,131,40.1826484,-10.4,98.3,108.7,0.2382,47.9,50.4,18.2,16.8,28.2,28.9,32.8,36.2,47.5,50.4,32.3,33.6,68.7,-8.5
2024,24,P12,HIGH,261,150,111,57.47126437,11.3,110.8,99.5,0.7766,52.1,49.6,16.8,17,29.3,27.3,33.5,30.8,51.7,48.8,35.2,34,69.6,-1.9
2024,25,Pat,LOW,215,76,139,35.34883721,-12,97.1,109.1,0.2069,48.7,51.4,18.2,16.9,26.6,26.8,28.3,31.8,48.3,50.8,33,34.9,66.8,-10.7
2024,26,SB,MID,296,133,163,44.93243243,-3.4,102.9,106.3,0.4057,49.4,50.2,17.1,17.1,30.1,30.4,32,35.2,49.3,50.3,33,33.4,69.8,-7.5
2024,27,SC,MID,206,105,101,50.97087379,-2.1,104.4,106.5,0.4421,51.5,50.9,17.4,16.3,29.3,28.5,29.2,32.1,51,50.4,34.9,34.5,69.3,-6.2
2024,28,SEC,HIGH,307,197,110,64.16938111,14.3,113.3,99,0.8252,51.4,48,16,17.3,32.5,29.7,35.4,32.8,51.6,47.4,34.1,32.7,69.7,-0.2
2024,29,Slnd,LOW,195,73,122,37.43589744,-9.5,100.1,109.6,0.2613,48.3,51.9,18.8,18,29.5,32.1,35.5,37.9,47.6,52.5,32.9,34,69.1,-8.1
2024,30,Sum,LOW,184,78,106,42.39130435,-5.1,104.6,109.7,0.3681,51.4,52.3,16.1,15.3,27.3,28,32,31.8,50.5,51.6,35.2,35.7,68.5,-8.1
2024,31,SWAC,LOW,239,73,166,30.54393305,-14.4,95.9,110.3,0.1682,46,53,19.7,19,28.8,33.3,35.2,42.2,45.3,53,31.5,35.4,69.8,-8.9
2024,32,WAC,MID,222,107,115,48.1981982,-1.8,102,103.8,0.4501,48.5,49.5,19.4,19.4,30.3,30.3,39.7,38.8,48.7,49.3,32.1,33.3,69.9,-6.2
2024,33,WCC,MID,201,102,99,50.74626866,1.4,105.6,104.2,0.538,51.7,50.6,17.6,16.7,29.6,27.1,30.7,32.5,51.8,50.2,34.3,34.2,68.8,-5.6
2023,1,A10,MID,485,258,227,53.19587629,1.6,103.2,101.6,0.5436,50.3,49.2,18.7,18.2,28.8,71.6,33.3,31.9,50.2,49.3,33.5,32.7,68,-8.1
2023,2,ACC,HIGH,488,272,216,55.73770492,8.2,108.8,100.6,0.7121,51.5,50.4,16.4,16.9,28,72.3,29.8,27.7,51.1,50,34.8,34,67.8,-3.6
2023,3,AE,LOW,266,125,141,46.9924812,-6.4,100.9,107.3,0.3295,50.5,51.2,17.3,17,26.6,73.2,29.2,30.7,50.1,50.9,34.2,34.4,67.7,-10.8
2023,4,Amer,MID,354,193,161,54.51977401,8.3,107.1,98.8,0.7168,50.4,48.8,17.9,18.8,29.9,70.4,31.7,31.9,50.7,48.7,33.4,32.6,68.5,-4.2
2023,5,ASun,MID,411,199,212,48.41849148,-2.7,103.3,106,0.4254,51.2,52,17.5,16.8,26.9,72.5,27.9,28.8,50.5,51.7,34.8,35,67.6,-8.8
2023,6,B10,HIGH,456,267,189,58.55263158,14.1,110.4,96.3,0.829,51.1,48.7,16.2,17.1,28.4,73.1,29.5,26.6,50.9,48.3,34.4,33,66.8,0.3
2023,7,B12,HIGH,327,206,121,62.9969419,18.1,111.9,93.8,0.8834,51.6,48.5,18.8,20.6,31.1,71,33.5,33,51.9,48.7,34.1,32,68.5,3.1
2023,8,BE,HIGH,360,202,158,56.11111111,12.5,110.5,98,0.7976,51.7,49.9,17.5,18.2,29.3,71.8,30.4,28.1,51.4,49.1,34.8,34.2,68.7,-1.3
2023,9,BSky,MID,307,137,170,44.62540717,-3,103.2,106.2,0.4186,51.8,52.5,17.9,17.2,25.2,73.8,32.4,34.3,51.9,52.5,34.4,35,67.3,-10.7
2023,10,BSth,LOW,301,137,164,45.51495017,-6,100.7,106.7,0.3406,51.3,51.7,19.2,18.8,28.6,70.4,35.2,34.7,51.1,51.7,34.5,34.5,67.3,-11.5
2023,11,BW,LOW,341,165,176,48.38709677,-1.5,101,102.5,0.4591,48.9,49.4,18.7,18.4,28.3,72.7,33,34.2,48.3,48.5,33.5,34,67.3,-9.7
2023,12,CAA,LOW,408,188,220,46.07843137,-6,99.8,105.8,0.3372,48.9,50.4,18.2,17.6,28.1,71,30.5,29.7,48.5,50,33,34.1,67.5,-11.1
2023,13,CUSA,MID,340,186,154,54.70588235,3,104.7,101.7,0.584,51.4,50.5,19,19.4,29.4,71.2,31.9,31.2,50.8,49.4,34.9,35,67.5,-6.3
2023,14,Horz,LOW,341,156,185,45.74780059,-6.7,100.9,107.6,0.3226,50.6,51.8,18.6,18.4,29.5,69.4,29.1,28.8,50.7,51.8,33.6,34.5,68.1,-11.7
2023,35,ind,LOW,52,9,43,17.30769231,-19.5,94.6,114.1,0.1043,48.2,54.3,22,17.1,29.6,66.7,28.2,31.9,47.9,53.5,32.4,37.2,65.9,-16.4
2023,15,Ivy,MID,215,108,107,50.23255814,-0.4,102.7,103.1,0.49,51.2,50.4,18.5,17.7,27.1,73.9,29.9,29.6,51.8,50.5,33.6,33.5,68.9,-7.8
2023,16,MAAC,LOW,340,163,177,47.94117647,-5.2,99.6,104.8,0.3564,48.7,49.3,18.4,18.3,30,70.5,30.2,32.2,47.9,48.6,33.4,33.8,66.9,-11.3
2023,17,MAC,MID,363,171,192,47.10743802,-3,103.8,106.8,0.4189,51.3,52.1,17.9,17.9,29.7,70,33.1,34.2,51.3,51.9,34.2,35,68.9,-9.9
2023,18,MEAC,LOW,228,93,135,40.78947368,-10.4,97.2,107.6,0.238,49.2,52.2,21.6,21,29.9,67.4,33.1,37.2,48.6,52.1,33.6,34.8,69.9,-11.5
2023,19,MVC,MID,381,195,186,51.18110236,-1.2,101.7,102.9,0.4675,51.1,50.5,17.9,17.9,25,74.2,29.7,29.9,51.2,50.3,34,33.9,67.6,-9.1
2023,20,MWC,MID,347,199,148,57.34870317,9.8,108.6,98.8,0.7469,51.9,49.9,17.3,18,26.5,73.6,32.9,30.2,51.7,49.5,34.8,33.7,67.1,-2.9
2023,21,NEC,LOW,268,108,160,40.29850746,-15.4,94.4,109.8,0.1492,48.5,51.5,19.3,19.5,27.2,69.8,29.4,30.8,47.7,50.9,33.3,35.1,68,-14.2
2023,22,OVC,LOW,294,128,166,43.53741497,-10.2,98.4,108.6,0.2441,49.7,51.4,18.1,18.1,27.1,71.2,34.2,35,48.6,51,34.5,34.7,69.6,-12.6
2023,24,P12,HIGH,393,214,179,54.45292621,11.4,107.9,96.5,0.783,49.9,47.9,18.5,18.2,30,71.2,31.1,28.8,49.6,47.3,33.6,32.7,67.7,-2.1
2023,25,Pat,LOW,311,143,168,45.9807074,-7.8,99,106.8,0.2954,51.5,51.6,18.4,17.8,25.4,73.6,27.5,28.9,50.8,51.3,35.2,34.6,66.9,-12.5
2023,26,SB,MID,419,213,206,50.8353222,0,102.6,102.6,0.5001,49.3,49.4,17.4,18.3,29.3,71,31.6,32.1,49.2,48.7,32.9,33.8,67.7,-8.4
2023,27,SC,MID,302,139,163,46.02649007,-4,102.6,106.6,0.3913,51.2,51.6,17.6,17.1,27.9,72.3,31.4,31.6,51.1,51.6,34.2,34.4,67.5,-10.9
2023,28,SEC,HIGH,460,272,188,59.13043478,12.9,109.4,96.5,0.8077,49.7,47.8,18,18.8,32.5,70,34.4,32.4,50.3,48.1,32.6,31.6,67.9,-0.5
2023,29,Slnd,LOW,297,121,176,40.74074074,-11.7,99,110.7,0.2156,50.6,53.7,19.7,19.6,30,68.3,32,36.6,49.9,53.6,34.6,36,68.8,-13
2023,30,Sum,LOW,301,140,161,46.51162791,-6.4,101.6,108,0.3313,50.7,51.6,17.1,16,26.2,72.9,30.4,28.9,50.5,51.4,34.1,34.7,67.9,-10.5
2023,31,SWAC,LOW,363,135,228,37.19008264,-12,94.4,106.4,0.1999,46.3,50.4,20.7,20.1,29.6,68.8,34.5,39.5,45.2,50,32.3,34,68.6,-13.4
2023,32,WAC,MID,373,189,184,50.67024129,2.2,103.9,101.7,0.5617,50.1,50.6,19.4,19.5,29.1,71.7,37.5,36.6,49.1,49.9,34.6,34.5,68.8,-6.9
2023,33,WCC,MID,310,170,140,54.83870968,7.8,109.2,101.4,0.7007,53.2,52,17.5,17.5,28.6,73.1,32.6,32.3,52.3,51.1,36.4,35.7,69.5,-4.3
2022,1,A10,MID,436,234,202,53.66972477,4.1,103.6,99.5,0.6141,50.3,49.3,18,18.4,27.4,72.9,29.2,28.5,49.8,48.7,34.1,33.5,67.8,-6.2
2022,2,ACC,HIGH,487,270,217,55.44147844,11.2,109.2,98,0.7765,51.5,50.2,16.9,17.5,28.2,72.8,28.9,26.5,51,49.7,35,34.1,67.4,-2.1
2022,3,AE,LOW,291,134,157,46.04810997,-8.3,98.2,106.5,0.2829,50.2,51.1,17.3,17.3,25.4,73,26.6,27.3,49.1,50.1,34.7,35.1,67.3,-11.2
2022,4,Amer,MID,336,188,148,55.95238095,8.8,105.4,96.6,0.7305,48.8,47.4,18.3,19.4,30.4,70.4,32.2,31,48.2,46.7,33.2,32.3,68.1,-3.5
2022,5,ASun,MID,338,148,190,43.78698225,-4.6,100.8,105.4,0.3756,50.5,51.2,18.3,17.2,26.8,71.4,27.5,28.8,49.8,51.1,34.2,34.3,68,-13.5
2022,6,B10,HIGH,445,261,184,58.65168539,14.2,110.8,96.6,0.8278,51.6,49.1,16.3,16.5,28.1,73.4,30.2,27.5,50.9,48.2,35.1,33.7,67.7,0
2022,7,B12,HIGH,323,203,120,62.84829721,18.3,109.8,91.5,0.8907,50.7,47.8,19.5,21.7,31.5,71.3,31.6,30.9,51.6,48.5,32.9,31,67.6,3.2
2022,8,BE,HIGH,345,203,142,58.84057971,12,108.4,96.4,0.7934,49.7,47.8,17.5,17.9,30.5,71.3,30.5,27.5,49.5,47.1,33.3,32.7,68.6,-0.6
2022,9,BSky,MID,327,151,176,46.17737003,-7.7,99.3,107,0.2983,51,52.1,17.8,17.4,24.4,74.2,33.7,33.6,50.5,51.5,34.6,35.5,68.6,-11.5
2022,10,BSth,LOW,334,143,191,42.81437126,-6.3,98,104.3,0.3291,49,50.6,19.2,18.8,27.1,71.8,31.7,34.1,49.2,51.2,32.5,33.1,67.6,-11.9
2022,11,BW,LOW,289,135,154,46.71280277,-4.4,98.6,103,0.3776,48.7,49.2,19.1,18.4,27,72.8,32.6,31.8,48.5,48.8,32.9,33.4,67.1,-9.2
2022,12,CAA,LOW,305,151,154,49.50819672,-0.6,102.6,103.2,0.4832,50.5,51.3,18.6,18.5,28.3,72.1,29.8,30.8,50.6,51,33.6,34.5,68.4,-8.7
2022,13,CUSA,MID,424,217,207,51.17924528,-0.3,102.1,102.4,0.4907,50.4,50.4,18.2,18.5,27.8,72.1,29.6,29.2,50.2,49.8,33.8,34.4,68.1,-8.2
2022,14,Horz,LOW,356,156,200,43.82022472,-8.3,98.5,106.8,0.2831,50.1,51.3,19.4,18.9,29,69.8,28.7,29.3,50.6,51.3,32.9,34.2,67.4,-12.3
2022,15,Ivy,MID,207,96,111,46.37681159,-4,100.5,104.5,0.3903,51,51.4,18.1,17.8,25.8,73.3,27.1,28.9,50.9,51.6,34.1,34.1,69,-8.8
2022,16,MAAC,LOW,337,170,167,50.44510386,-2.9,99.6,102.5,0.4166,48.4,48.7,18.1,18.1,28.3,71.8,31.4,32.1,47.7,48.3,33.1,32.9,67.8,-9.8
2022,17,MAC,MID,360,174,186,48.33333333,-4.2,101,105.2,0.3846,50.1,50.9,17.9,17.5,28.1,71.3,30.7,30.9,49.8,50.9,33.8,33.8,68.7,-10
2022,18,MEAC,LOW,211,84,127,39.81042654,-11.9,93.4,105.3,0.2014,47,49.6,21.5,21.5,28.7,69,34.4,35.8,46.4,48.8,32,33.9,70.5,-8.7
2022,19,MVC,MID,302,153,149,50.66225166,3.3,104,100.7,0.5891,51.8,50.5,17.6,17.8,24,75.7,28.9,28.3,51.8,50.1,34.5,34.2,67.1,-7.1
2022,20,MWC,MID,338,190,148,56.21301775,7.3,105.1,97.8,0.6957,51.1,49.5,18.1,18.5,25.4,74.3,30.8,29.4,51.2,49.7,33.9,32.8,66.9,-3.7
2022,21,NEC,LOW,288,120,168,41.66666667,-10.9,96.4,107.3,0.2251,48.1,50.6,19,18.7,29.5,68.7,28.3,29.6,48.1,50.7,32.1,33.6,68.2,-12.3
2022,22,OVC,LOW,295,132,163,44.74576271,-4.6,99.2,103.8,0.375,49.6,50.3,19.7,19.2,28.9,70.5,29.5,30.7,49.8,50.8,32.9,33.1,68.5,-8.6
2022,24,P12,HIGH,385,213,172,55.32467532,9.8,106.8,97,0.7522,49.7,48.4,17.7,18,30.2,71.6,30,28.7,49.3,47.9,33.6,32.8,68.1,-2.9
2022,25,Pat,LOW,307,135,172,43.97394137,-10,97.5,107.5,0.2474,50.6,51.4,18.7,17.3,26.5,72.9,27.2,27.7,49.6,50.5,34.9,35.4,67.4,-13
2022,26,SB,MID,320,157,163,49.0625,-2.4,99.7,102.1,0.4313,48.5,49.5,19.8,19.7,29.4,70.2,31.4,31.4,47.9,48.7,33.1,33.9,67.5,-8.2
2022,27,SC,MID,302,157,145,51.98675497,0.9,105.1,104.2,0.5249,52.4,51.8,17.6,16.8,28,72.3,26.8,27.5,52.5,52.1,34.8,34.2,67.2,-7.6
2022,28,SEC,HIGH,454,268,186,59.030837,13.4,108.4,95,0.82,49.9,48.4,19.1,20.4,32.1,70.9,33.3,32.4,50.9,48.8,32.1,31.9,68.9,-0.2
2022,29,Slnd,LOW,227,91,136,40.08810573,-11.8,97.1,108.9,0.21,49.6,52.2,19.9,19.2,28.7,69.4,33.4,34.9,50.1,52.7,32.6,34.3,70.3,-7.5
2022,30,Sum,LOW,291,136,155,46.73539519,-6.1,102.5,108.6,0.3391,52.2,53,16.1,15.5,25,74.7,30.2,30.9,50.7,52,36.3,36.4,68.9,-11.7
2022,31,SWAC,LOW,353,126,227,35.69405099,-12.2,93.9,106.1,0.1964,46.1,50.1,20.3,19.8,28.6,68.4,32.6,37,45.6,49.9,31.5,33.6,68.9,-15.8
2022,32,WAC,MID,377,184,193,48.80636605,-2.1,99.6,101.7,0.4397,48.6,49.1,20,19.9,29.7,70.7,33.5,35.4,48.6,49.4,32.4,32.4,68.5,-12.3
2022,33,WCC,MID,300,165,135,55,6.4,105.1,98.7,0.6735,51.5,49.5,18,17.5,26.5,74.8,28.2,27,51,49,34.9,33.7,69.3,-4.4
2021,1,A10,MID,283,146,137,51.59010601,5.7,103.8,98.1,0.6547,50.4,49.5,18.8,19.1,27.3,72.4,31,31.3,50.8,49.7,33.2,32.7,69,-4.1
2021,2,ACC,HIGH,351,195,156,55.55555556,12.3,108.9,96.6,0.7988,51.3,50.4,18.1,18.7,29.6,71.9,29.7,28.1,50.9,49.4,34.6,34.6,68.6,-1.1
2021,3,AE,LOW,183,87,96,47.54098361,-6.9,96.4,103.3,0.3121,48.8,49.1,19.1,18.8,26.5,73.4,32.3,31.2,48.8,49.1,32.5,32.7,68.3,-7.5
2021,4,Amer,MID,230,126,104,54.7826087,8,103.7,95.7,0.7166,48.3,47.7,19.3,20,30.1,71.2,33.9,34.9,47.4,47.1,33.1,32.4,69,-2.8
2021,5,ASun,MID,187,85,102,45.45454545,-7.4,98.4,105.8,0.3038,51,51.3,19.2,18.6,25.5,72.1,29.1,29.5,50.8,51.5,34.2,34.1,68.4,-8.4
2021,6,B10,HIGH,379,216,163,56.99208443,17.6,111.3,93.7,0.8784,50.7,48.6,16.6,17.2,27.7,73.5,32.5,30.6,50.2,47.8,34.4,33.2,69.1,1.6
2021,7,B12,HIGH,262,153,109,58.39694656,14.4,109.2,94.8,0.8364,50.7,49.2,19,20,31.2,70.7,31.8,31,50,48.5,34.5,33.6,69.2,0.4
2021,8,BE,HIGH,269,148,121,55.01858736,13.2,108.9,95.7,0.8146,50.4,49.1,18,18.3,29.3,71.6,29.8,29,50.2,48.6,33.8,33.3,69,-0.9
2021,9,BSky,MID,223,100,123,44.84304933,-5.6,99,104.6,0.3465,50.2,51.3,18.9,18.2,25.3,73.6,34.4,34.9,49.4,50.5,34.4,35.1,68.8,-7.8
2021,10,BSth,LOW,259,117,142,45.17374517,-7.4,97.7,105.1,0.3004,50.4,50.8,20.2,19.7,28.2,71.4,33.1,33.7,50.3,51,33.6,33.7,68.4,-10
2021,11,BW,LOW,222,107,115,48.1981982,-2.1,99.9,102,0.4409,49.7,50.2,18.9,18.9,27,72.8,30.4,31.8,48.5,49,34.7,34.9,69,-6.8
2021,12,CAA,LOW,178,84,94,47.19101124,-3.9,100.3,104.2,0.3918,49.7,50.4,18.2,17.6,27.4,72.4,31.8,30.2,49.4,50.4,33.5,33.7,68.2,-6.6
2021,13,CUSA,MID,328,170,158,51.82926829,0.6,100.7,100.1,0.5181,50.1,49.7,19.1,19.5,26.7,74,29.2,29.4,49.8,49,33.8,33.9,69.2,-6.4
2021,14,Horz,LOW,278,132,146,47.48201439,-5.5,100.6,106.1,0.3512,51.1,52,18.1,18,29,70.3,29.7,29.7,50.9,51.8,34.3,34.8,69.3,-8.8
2021,16,MAAC,LOW,225,110,115,48.88888889,-7.1,95.4,102.5,0.3037,47.3,47.7,19.4,19.2,27.1,72.6,34.1,35.5,46.7,47,32.3,32.6,68.9,-8.4
2021,17,MAC,MID,260,127,133,48.84615385,0.5,103.7,103.2,0.5153,50.5,50.7,17.6,17.7,29.7,70.5,28.6,28.8,50.1,51,34.1,33.5,70.2,-6.3
2021,18,MEAC,LOW,153,59,94,38.5620915,-13.4,93.2,106.6,0.1757,47.5,50.4,20.9,21.1,27,68,35.1,36.2,46.9,51.4,32.3,32.6,72.2,-8.1
2021,19,MVC,MID,248,126,122,50.80645161,2.6,102.9,100.3,0.5711,51.7,51,18.1,18.3,24.2,75.3,27.5,28,51.8,50.9,34.3,34.1,67.5,-6.3
2021,20,MWC,MID,262,136,126,51.90839695,2.9,102.9,100,0.583,50.6,50.4,19,19.2,26.7,73.3,32.5,32,50.3,50.2,34.1,33.8,68.8,-5.1
2021,21,NEC,LOW,202,95,107,47.02970297,-9.1,97.2,106.3,0.2616,49.6,50.2,19.3,19,29.2,70,31.2,31.6,49.5,50.7,33.2,33,69.9,-8.6
2021,22,OVC,LOW,309,148,161,47.89644013,-6.1,98.2,104.3,0.332,50.8,51.5,20.4,19.9,28.6,71.6,30.2,31.3,51,51.4,33.7,34.4,69.7,-9.8
2021,24,P12,HIGH,323,178,145,55.10835913,13.9,109.3,95.4,0.8271,50.8,49.6,18.1,18.8,28.3,72.4,33,30.8,49.9,48.6,34.9,34.2,68.6,-0.4
2021,25,Pat,LOW,156,80,76,51.28205128,-4,100.3,104.3,0.3899,51.2,51.1,17.9,17.9,26.6,73.4,30.5,30.9,51.2,51.1,34.1,34,69.5,-5.5
2021,26,SB,MID,276,136,140,49.27536232,-6.2,97.9,104.1,0.3301,48.8,49.7,19.5,19.6,29.1,70.4,30.9,29.7,47.8,48.1,33.7,34.8,68.7,-8.7
2021,27,SC,MID,231,121,110,52.38095238,0.3,103.1,102.8,0.507,51.9,51.3,17.9,17.8,26.2,74,27.7,28.7,52.7,52,33.9,33.6,69.8,-6.7
2021,28,SEC,HIGH,356,201,155,56.46067416,13.6,108.4,94.8,0.8236,50.3,48.8,19.7,20.2,32.2,70.2,33.4,31.5,50.5,48.8,33.3,32.5,70.5,-0.7
2021,29,Slnd,LOW,300,121,179,40.33333333,-11.1,95.8,106.9,0.2223,49.8,51.9,21.3,20.3,28.2,70.1,32.7,34.3,49.1,52,34,34.4,71,-10.2
2021,30,Sum,LOW,208,84,124,40.38461538,-5.4,100.1,105.5,0.3539,50.6,52.1,17.9,16.9,24.1,74.9,33,34.3,48.9,50.4,35.8,36.8,69.9,-9.5
2021,31,SWAC,LOW,205,84,121,40.97560976,-17.1,89.8,106.9,0.1191,45.9,49.3,21.8,20.2,28,69.8,36,39,45.4,48.5,31.3,33.8,70.7,-9.2
2021,32,WAC,MID,153,65,88,42.48366013,-4.6,98.6,103.2,0.3708,48.6,50.3,19.4,18.9,27.8,71.1,35,36.8,48.6,50,32.4,33.8,69.6,-6.7
2021,33,WCC,MID,211,118,93,55.92417062,9.2,105.6,96.4,0.74,51.2,50,18.1,18.2,25.7,75.5,31.3,31.1,52,50,33.2,33.4,70.1,-2.1
2019,1,A10,MID,456,233,223,51.09649123,2,102.9,100.9,0.5555,49.6,49.3,18.1,18.8,27.9,71.9,32.2,32.6,50,49.1,32.6,33.1,68.2,-8
2019,2,ACC,HIGH,488,298,190,61.06557377,15.7,110.7,95,0.8532,50.7,47.9,17.9,19.2,30.9,71.4,33.7,30.4,50.7,47.7,33.8,32.2,68.8,1
2019,3,AE,LOW,276,123,153,44.56521739,-8.4,97.8,106.2,0.2782,49.9,51.3,19.2,18.9,26,72.7,30.7,31.8,49.2,50.8,33.9,34.7,67.7,-11.9
2019,4,Amer,MID,388,226,162,58.24742268,8.7,106.9,98.2,0.7269,49.8,48.4,18.3,19.1,31.5,70.6,36.3,35.5,49.7,48,33.3,32.7,69.2,-2.9
2019,5,ASun,MID,241,95,146,39.41908714,-6.4,98.6,105,0.3265,48.9,51.1,19.3,18.1,27,71.3,31.1,30.5,48.1,50.4,33.4,35,70.9,-11.2
2019,6,B10,HIGH,458,273,185,59.6069869,16.7,111.1,94.4,0.8681,50.5,47.9,17.2,18,29.7,72.5,32.9,30.4,49.9,47.2,34.3,32.7,68.2,1.8
2019,7,B12,HIGH,328,199,129,60.67073171,16.6,111,94.4,0.8662,51.2,48.4,18.4,19.3,30.4,71.4,32.4,30.8,50.6,47.2,34.8,33.5,68.6,2.2
2019,8,BE,HIGH,324,193,131,59.56790123,10.9,110,99.1,0.7683,52.3,50.4,17.9,18.4,28.7,72.6,33.6,31.9,51.6,49.5,35.5,34.4,69.4,-1.5
2019,9,BSky,MID,358,157,201,43.8547486,-8.4,100.3,108.7,0.2838,51.4,52.9,18,17.3,26.2,73.2,32.7,33.4,50.5,52.1,35.2,36,69.6,-12.1
2019,10,BSth,LOW,349,167,182,47.85100287,-4.5,102.4,106.9,0.3784,51.5,51.8,18,18.2,27.1,71.8,30.6,32.9,50.7,51.8,35.1,34.6,68,-9.7
2019,11,BW,LOW,274,124,150,45.25547445,-5.7,100.3,106,0.3475,50,50.5,18.2,17.3,27.8,71.6,32.3,33.8,49.1,49.6,34.5,34.7,68.4,-11
2019,12,CAA,LOW,314,151,163,48.08917197,-4.2,104.6,108.8,0.387,52.7,53.2,17.2,16.1,27.4,72.8,31.8,29.6,52,52.3,35.9,36.4,67.9,-10.5
2019,13,CUSA,MID,423,213,210,50.35460993,-1.2,101.1,102.3,0.4657,49.3,49.7,18.9,18.9,27.8,72.3,32,32.4,48.8,48.9,33.4,34,69.5,-8.5
2019,14,Horz,LOW,307,138,169,44.95114007,-2.6,103.7,106.3,0.4304,51.3,52,18.1,18.1,28.8,70,31.9,34.1,50.4,52.2,35.1,34.5,69.9,-11.5
2019,15,Ivy,MID,222,117,105,52.7027027,1.2,102.2,101,0.5332,51.6,49.9,18.9,17.9,24.4,74.4,29.8,30.2,51.5,50.3,34.5,32.8,69.4,-6.6
2019,16,MAAC,LOW,351,150,201,42.73504274,-8.7,98.6,107.3,0.2749,50.2,52.3,19.4,19.7,27.7,71.3,33.6,34.6,49.3,50.8,34.3,36.3,68.1,-13.7
2019,17,MAC,MID,371,203,168,54.71698113,3.9,104.9,101,0.6069,50.5,49.6,18.1,18.1,29.8,71.7,33,31.7,50.6,49.6,33.5,33.2,69.7,-5.8
2019,18,MEAC,LOW,361,127,234,35.1800554,-17.1,93,110.1,0.1261,47,51.4,20.6,19.9,28.9,68.4,33,36.9,46.6,51.1,31.9,34.5,70.2,-14.8
2019,19,MVC,MID,313,157,156,50.15974441,-0.9,101.3,102.2,0.4758,50.7,50.4,19,18.8,24.5,74.1,33.2,32.1,49.8,49.6,34.9,34.4,67.6,-9
2019,20,MWC,MID,347,174,173,50.14409222,1.1,104.1,103,0.531,51.6,50.8,18.3,17.8,26.9,73.7,34.9,31.9,51,50.1,34.9,34.6,69.4,-8.1
2019,21,NEC,LOW,300,130,170,43.33333333,-10.3,98.2,108.5,0.2408,49.1,51.6,19.4,18.8,29.5,70.5,34.4,35.8,48.2,50.9,33.8,35.3,69.4,-12.8
2019,22,OVC,LOW,356,166,190,46.62921348,-4.8,101.6,106.4,0.3711,50.5,52.2,18.7,19.2,29.1,70.4,31.9,33.7,50,52,34.2,35.1,70.6,-9.6
2019,24,P12,HIGH,388,211,177,54.3814433,6.6,106.9,100.3,0.6765,51.6,50.2,18.5,18.5,29.1,71.7,34.9,32.9,51.4,49.5,34.7,34.1,69.4,-4.7
2019,25,Pat,LOW,315,153,162,48.57142857,-4.4,102.1,106.5,0.3794,52.5,52.2,18.4,18,25.9,72.8,29.4,30.7,52,52,35.5,35,69.2,-10.7
2019,26,SB,MID,365,179,186,49.04109589,-0.2,104.1,104.3,0.4952,51.5,51.4,19,18.9,28.4,70.5,36.3,36.2,51,51.3,34.8,34.5,70.1,-8.5
2019,27,SC,MID,299,153,146,51.17056856,0.9,105,104.1,0.5246,53.2,52.5,18.9,18.5,28.7,71.5,29.7,31.7,52.5,52.1,36.1,35.4,69.8,-6.8
2019,28,SEC,HIGH,455,267,188,58.68131868,15.2,111.5,96.3,0.8428,51.5,49.3,19,19.6,32.3,69.8,35.5,33.5,51.1,48.1,34.7,34.1,69.1,0.7
2019,29,Slnd,LOW,367,154,213,41.96185286,-9.9,98.1,108,0.2472,49.5,52.1,20.7,20.2,29.6,69.3,34.5,37.2,48.4,51.6,34.3,35.2,69,-11.7
2019,30,Sum,LOW,239,109,130,45.60669456,-4,104,108,0.3943,53.3,53.4,16.8,15.8,24.1,74.6,28.2,28,51.2,51.4,37.5,37.5,69.4,-8.3
2019,31,SWAC,LOW,306,109,197,35.62091503,-14.9,93.6,108.5,0.1543,47,51.7,21,20.4,29.5,68.7,36.8,40.5,46.3,51.5,32.3,34.7,69.4,-14.4
2019,32,WAC,MID,273,138,135,50.54945055,-1.8,102.3,104.1,0.4509,50,50.8,18.6,18.9,29,71.3,35,37.3,49.2,49.4,34.2,35.4,69.1,-8.2
2019,33,WCC,MID,314,176,138,56.05095541,5.9,106.8,100.9,0.6592,52.3,49.9,17.6,18.2,26.3,73.8,35.6,33.9,52,49.5,35.3,33.8,68.4,-5
2018,1,A10,MID,450,229,221,50.88888889,2.2,105.5,103.3,0.5596,51.1,51.4,17.4,18.3,27.5,72.3,31.6,32.1,50.6,50.7,34.6,35.1,68.6,-8.1
2018,2,ACC,HIGH,487,299,188,61.3963039,15.2,112.3,97.1,0.8427,52.1,48.9,17.5,18.3,30.9,71,32.7,28.8,50.9,47,36.1,34.6,68.8,0.5
2018,3,AE,LOW,274,130,144,47.44525547,-5.4,101.2,106.6,0.3557,50.4,51.4,18.4,18.1,27.7,72.9,33.5,33.5,49.4,50.7,34.7,35.1,68.6,-11.1
2018,4,Amer,MID,386,222,164,57.51295337,5.7,106.4,100.7,0.653,50.6,49,18.7,18.6,31.5,70.1,34.6,31.6,49.4,47.5,35.2,34.2,68,-4.4
2018,5,ASun,MID,231,93,138,40.25974026,-8.6,101.1,109.7,0.2804,51.1,53.6,18.4,17.8,27.5,70.5,30.8,32.7,50.3,53.6,35,35.7,71.5,-11.9
2018,6,B10,HIGH,454,270,184,59.47136564,14.7,111.9,97.2,0.8351,52,49,17.4,18.3,31,71.7,33.8,30.3,50.9,47.2,36,34.8,68.2,-0.5
2018,7,B12,HIGH,325,204,121,62.76923077,18,114.5,96.5,0.8774,52.7,49.5,17.6,19.2,31.7,70.1,32.4,31.6,51.9,48,36,34.7,69.6,2.1
2018,8,BE,HIGH,322,200,122,62.11180124,17.4,114.8,97.4,0.8696,53.6,50.8,17.1,18.4,28.7,72.9,32.2,30.2,52.8,50,36.5,34.7,70.5,1.6
2018,9,BSky,MID,359,168,191,46.79665738,-2.9,103.4,106.3,0.4193,51.5,52.5,17.9,18.1,26.1,72.7,34.5,36.1,49.9,51.4,36.1,36.3,70.3,-10
2018,10,BSth,LOW,293,131,162,44.70989761,-7.2,99.9,107.1,0.3112,50.9,51.6,19.5,18.8,26.1,72.7,32.4,34.2,49.5,50.7,35.4,35.4,67.8,-11.5
2018,11,BW,LOW,267,121,146,45.31835206,-4.3,100.7,105,0.3829,49.4,50.1,19,18,27.4,71.3,34.6,34.8,48,48.7,34.7,35.2,68.9,-10.4
2018,12,CAA,LOW,306,151,155,49.34640523,-2.7,105.3,108,0.4276,52.2,52.8,16.9,16.4,28.1,72.6,33.2,33,51.3,51.9,35.7,36.3,69.1,-9.9
2018,13,CUSA,MID,424,208,216,49.05660377,0.6,103.8,103.2,0.5154,50.6,50.7,17.8,18.2,27,72.4,33,32.7,49.8,49.6,34.6,34.9,69.6,-8.6
2018,14,Horz,LOW,307,134,173,43.64820847,-5.4,100.9,106.3,0.355,50.1,51.7,18.9,18.7,28.1,71,32.1,32.7,49.1,50.3,34.5,36.1,70.5,-13
2018,15,Ivy,MID,224,101,123,45.08928571,-3.1,102.7,105.8,0.4137,51.9,52,18.3,17.6,25.3,73.8,31.3,32.4,51.5,51.3,34.9,35.4,69.3,-10
2018,16,MAAC,LOW,351,164,187,46.72364672,-4.8,102.3,107.1,0.3711,51.7,51.6,19.1,18.4,28.2,70.8,35.4,35.7,50.1,50.1,36,36.1,70,-11.8
2018,17,MAC,MID,371,194,177,52.29110512,-0.8,104.3,105.1,0.477,50.9,51,17.8,17.8,28.8,71.5,32.7,32.2,49.9,50.3,35,34.9,69.7,-8.8
2018,18,MEAC,LOW,400,139,261,34.75,-18.3,95.3,113.6,0.1175,47.8,52.3,19.4,18.5,29.1,67.8,33.3,36,47.6,52.1,32.1,35.1,70.9,-15.5
2018,19,MVC,MID,310,167,143,53.87096774,3.8,104.2,100.4,0.605,50.6,49.3,19,18.7,26.6,73,33.2,33.2,49.1,48.6,35.5,33.6,68,-6.5
2018,20,MWC,MID,345,185,160,53.62318841,5,107.3,102.3,0.632,52.1,51.2,18.1,18.2,27.8,73.3,35.8,33.1,51,50,35.8,35.4,70.3,-6.2
2018,21,NEC,LOW,305,134,171,43.93442623,-10.2,99.5,109.7,0.246,50.3,51.8,19.2,18.7,29,69.3,32.2,34.1,49.3,51.2,34.6,35.3,69.6,-12.9
2018,22,OVC,LOW,356,168,188,47.19101124,-4.2,101.8,106,0.3869,50.9,51.9,19.7,19.3,29.3,71,33.5,35.3,50,50.9,35,35.6,68.9,-10
2018,24,P12,HIGH,386,223,163,57.77202073,8.6,109.5,100.9,0.7204,52.5,50.4,18.1,17.9,29.9,71.5,35.3,32.4,51.6,49,36,35.2,69.6,-3.6
2018,25,Pat,LOW,305,138,167,45.24590164,-7.2,100.5,107.7,0.3113,51.8,52.3,18.8,18.7,26,72.2,31.4,33.6,50.8,51.4,35.6,35.8,69,-12.2
2018,26,SB,MID,367,177,190,48.22888283,-1.5,102.8,104.3,0.4577,50.3,50.2,19.1,18.9,29.5,70.7,34.7,35.6,49.5,49.3,34.4,34.4,69.4,-10.2
2018,27,SC,MID,302,144,158,47.68211921,-4.3,102.6,106.9,0.3841,51.7,52.8,19.4,19.6,28.1,70.9,31,32.6,50.6,52.8,35.4,35.2,69.4,-9.8
2018,28,SEC,HIGH,454,271,183,59.69162996,14.8,112.1,97.3,0.8363,51.2,48.7,17.9,18.3,31.8,70.2,37,34.6,50.3,47.4,35.2,33.9,69.2,0.1
2018,29,Slnd,LOW,360,154,206,42.77777778,-8.3,99.1,107.4,0.2828,49.4,51.6,20.5,20.5,30.5,68.6,36.5,39.2,48.3,50.7,34.4,35.5,70.6,-11.2
2018,30,Sum,LOW,226,108,118,47.78761062,-0.9,104.9,105.8,0.4771,52,51.7,17.6,16.3,26.7,73.2,30.9,30.4,50.2,51,36.8,35.4,69.9,-7.3
2018,31,SWAC,LOW,315,105,210,33.33333333,-17.5,94.2,111.7,0.1244,46.5,51.6,19.8,19.3,29.9,67.3,35.6,40.4,45.2,50.8,32.7,35.4,69.8,-15.8
2018,32,WAC,MID,237,113,124,47.67932489,-2.5,101.3,103.8,0.4305,48.5,49.8,19.1,19,29,70.9,35.7,39.6,47.6,48.7,33.5,34.5,70.4,-9
2018,33,WCC,MID,313,161,152,51.43769968,2.5,106.5,104,0.568,52.1,51.8,17.3,17.5,27.2,73.9,34.2,33.9,51.2,50.7,35.7,35.8,67.8,-7.6
2017,1,A10,MID,448,243,205,54.24107143,4.2,105.1,100.9,0.6171,50.2,49.5,18.4,18.9,28.3,71.8,36.7,36.3,49.6,48,34.2,34.7,69.3,-6.2
2017,2,ACC,HIGH,487,302,185,62.01232033,17.7,114.3,96.6,0.873,52.6,49.2,17.1,18.1,31,70.9,34.9,31.4,51,48.1,37.1,34.1,69.1,1.9
2017,3,AE,LOW,276,133,143,48.1884058,-6.1,101,107.1,0.3383,50.5,51.4,18.2,17.8,27.4,72,32.9,33.7,49.3,50.1,35.2,35.8,68.6,-10.5
2017,4,Amer,MID,353,194,159,54.95750708,7.3,105.9,98.6,0.6959,49.5,47.5,18.7,18.4,31.6,70,34.4,31.8,48,45.1,34.8,34.2,68.1,-4.5
2017,5,ASun,MID,234,106,128,45.2991453,-7,102.2,109.2,0.3179,52.1,52.8,18.8,17.6,29.4,70.1,34.3,35.8,51.2,52.4,35.7,35.7,70.8,-10.9
2017,6,B10,HIGH,455,273,182,60,14,110.3,96.3,0.827,51.2,48.4,18.2,18.3,31.3,70.9,33.8,30.5,49.7,46.3,36,34.9,68.7,0
2017,7,B12,HIGH,323,198,125,61.3003096,18.8,113.9,95.1,0.8893,52.3,49.2,18.1,20.3,32.8,69.4,35.4,33.5,50.9,47.2,36.6,35.1,69.3,2.5
2017,8,BE,HIGH,324,196,128,60.49382716,14.9,112.5,97.6,0.8368,53.2,50.5,18.1,19.2,29.3,71.4,36.1,34.1,52,50.1,36.7,34.1,69.6,0.6
2017,9,BSky,MID,356,150,206,42.13483146,-7.7,101.5,109.2,0.3029,51.1,52.7,17.9,17.7,27.1,71.6,37.2,39,49.7,51.3,35.6,36.7,69.9,-12.6
2017,10,BSth,LOW,292,131,161,44.8630137,-9.7,98.5,108.2,0.2544,50.3,51.8,19.2,18.7,26.3,71.4,35,35.9,48.3,50.4,35.8,36.2,68.5,-11.1
2017,11,BW,LOW,266,110,156,41.35338346,-6.6,98.8,105.4,0.3236,47.9,50.2,19.3,18.5,29.1,70.6,35.4,38,47,48.8,33,35.2,69.3,-11.9
2017,12,CAA,LOW,312,158,154,50.64102564,0.1,105,104.9,0.5021,51.3,51.4,17.4,17.1,28.9,72.2,36.4,35.7,50.8,50.8,34.8,34.8,68.7,-8.8
2017,13,CUSA,MID,429,203,226,47.31934732,-3,101.6,104.6,0.4161,49.8,50.3,17.8,17.8,27.7,72.4,34.5,34,48.9,49.1,34.3,35,69.5,-10.3
2017,14,Horz,LOW,309,150,159,48.54368932,-3.7,101.6,105.3,0.3977,50.2,50.9,18.8,18.4,28.9,71,34.7,34.1,49.3,50.3,34.5,34.8,70.7,-10.3
2017,15,Ivy,MID,219,103,116,47.03196347,-2.4,102.7,105.1,0.4333,51.5,51.2,19.1,18.6,27.1,71.5,31.7,33.3,50.4,50.5,35.4,34.9,69.1,-8.8
2017,16,MAAC,LOW,357,175,182,49.01960784,-3.4,102.4,105.8,0.4064,50.1,50.4,18.6,18.2,29.6,70.1,34.9,35.8,48.4,49.2,35.4,35.2,70.6,-10.6
2017,17,MAC,MID,371,190,181,51.21293801,-0.5,104.3,104.8,0.4855,50.9,50.7,18.1,18.2,30.3,70.6,36.1,36.2,49.8,49.9,35.1,34.7,70.5,-9
2017,18,MEAC,LOW,386,131,255,33.93782383,-17,94.8,111.8,0.1304,46.9,51.3,19.2,18.7,29.9,66.7,34.8,37.6,45.9,51.1,32.4,34.3,69.9,-15
2017,19,MVC,MID,310,158,152,50.96774194,3.7,104.2,100.5,0.6028,50.1,49.1,18.1,18.9,27,72,35.3,35.1,48.1,46.9,35.7,35.3,68.2,-7
2017,20,MWC,MID,339,182,157,53.68731563,3.7,105,101.3,0.6017,49.8,49.1,17.6,17.5,27.6,72.9,38.9,35.6,48.4,48,34.8,34,69.9,-6.4
2017,21,NEC,LOW,309,125,184,40.45307443,-10.5,97.1,107.6,0.2351,48.1,50.8,20.3,19.9,30.5,68.4,34.7,36.9,47.1,49.8,33.4,35.1,69.2,-13.7
2017,22,OVC,LOW,350,158,192,45.14285714,-5,102.2,107.2,0.3647,50.5,52,19.1,19.1,30.2,69.8,35.4,38.2,49.6,50.8,34.7,35.9,69.4,-10.6
2017,24,P12,HIGH,382,221,161,57.85340314,9.6,109.4,99.8,0.7427,52.4,50,17.7,17.5,29.9,71.4,34.1,30.8,51.1,48.2,36.5,35.4,69.8,-2.6
2017,25,Pat,LOW,310,143,167,46.12903226,-5.2,99.5,104.7,0.3573,51,51.6,20.4,20.2,26.3,72.8,33.5,34.6,50.3,50.6,34.8,35.6,68.4,-11.1
2017,26,SB,MID,368,186,182,50.54347826,-1.2,103.2,104.4,0.4671,50.4,50.6,18.6,18.9,30,70.8,36,37.5,49.8,50.2,34.3,34.3,69.1,-9.1
2017,27,SC,MID,302,146,156,48.34437086,-1,104.3,105.3,0.4733,51.2,51.9,19.3,19,30,69.8,34.5,37.7,49.8,50.9,35.6,35.7,69.6,-8.7
2017,28,SEC,HIGH,452,258,194,57.07964602,12.7,109.5,96.8,0.8053,49.7,48.3,18.3,19.1,31.4,70,39,37.3,48.8,46.9,34.3,33.8,70.4,-1.2
2017,29,Slnd,LOW,360,157,203,43.61111111,-8.3,99.3,107.6,0.2842,49.9,52.1,20.7,20.2,30.2,68.3,38.4,39.5,49,51.3,34.5,35.7,70.2,-11
2017,30,Sum,LOW,264,126,138,47.72727273,-3.1,104.5,107.6,0.416,52.3,52.7,17.6,17.1,26.9,72.3,35.3,34.5,50,50.2,37.4,37.9,70.8,-9.5
2017,31,SWAC,LOW,304,109,195,35.85526316,-18.7,93.7,112.4,0.1096,46.5,51.5,20.1,19.6,31.4,66.5,36.9,41.7,46.1,51.4,31.6,34.5,69,-14.9
2017,32,WAC,MID,230,110,120,47.82608696,-3.4,99.8,103.2,0.4032,48.9,49.7,19.9,19.9,28.1,70.3,37,39.2,48.5,49.3,33.1,33.5,70.9,-8.9
2017,33,WCC,MID,313,170,143,54.31309904,4,105.3,101.3,0.6105,51.3,49.7,17.7,17.3,27,73.6,32.8,32.9,49.3,48,36.4,35.1,68.3,-5.8
2016,1,A10,MID,444,248,196,55.85585586,6.5,107.2,100.7,0.6734,50.6,49.5,17.3,17.7,28.5,71.8,35.7,34.7,49.8,48.4,34.6,34.2,69.3,-4.7
2016,2,ACC,HIGH,483,293,190,60.66252588,15.6,113.1,97.5,0.8462,51.3,49,16.9,17.8,33.3,69.8,36.2,32.1,50.4,47.6,35.3,34.5,68,0.7
2016,3,AE,LOW,275,126,149,45.81818182,-8.3,99.9,108.2,0.2852,50.2,51.8,18.7,18.5,27.6,71,36.5,35.3,49.6,51.3,34.2,35.3,69.9,-11.5
2016,4,Amer,MID,353,198,155,56.09065156,7.1,106.4,99.3,0.688,49.1,47,17.7,17.9,32.6,69.4,34.2,32.2,48.4,45.7,33.7,32.9,68.3,-4.4
2016,5,ASun,MID,235,97,138,41.27659574,-6.4,103.1,109.5,0.3338,51.5,52.5,17.4,16.7,27.9,69,33.1,34.3,49.6,52.2,36.6,35.4,70.4,-11.8
2016,6,B10,HIGH,455,267,188,58.68131868,11.4,110.1,98.7,0.7802,51.5,48.5,17.1,17.3,30.3,71.5,33.5,31.4,49.7,46.6,36.5,34.8,68,-1.7
2016,7,B12,HIGH,324,202,122,62.34567901,17.4,112.8,95.4,0.873,51.1,48.4,18.4,19.7,33.1,69.5,39.2,37,49.6,47.1,36,34,68.9,2.3
2016,8,BE,HIGH,323,194,129,60.0619195,13.6,110.5,96.9,0.8176,50.9,48.5,18.2,18.9,30.5,71,38.6,35.9,50.4,47.1,34.5,33.9,70.1,0
2016,9,BSky,MID,352,154,198,43.75,-7.4,101.1,108.5,0.3066,50.9,52.4,18.5,17.7,27.4,71.9,38,39.2,49.4,51.4,35.8,36.2,69.5,-11.6
2016,10,BSth,LOW,314,141,173,44.9044586,-7.3,100.6,107.9,0.3088,50.5,51.3,18.7,18.2,28.4,70.2,34.9,36.4,50,51.1,34.2,34.5,68.9,-11.1
2016,11,BW,LOW,267,128,139,47.94007491,1.2,103.3,102.1,0.5342,49.1,48.9,18.4,18.2,28.6,71.3,37.7,37.8,47.4,47.3,34.9,34.6,68.9,-8
2016,12,CAA,LOW,304,162,142,53.28947368,2.4,105,102.6,0.5648,49.7,49.5,17.3,17.1,29.9,71.6,37.5,36,48.4,48.8,34.6,33.7,68.2,-7
2016,13,CUSA,MID,435,204,231,46.89655172,-4.2,102.7,106.9,0.3868,50.8,51.3,17.6,17.5,28.8,70.4,36.6,36.5,50.1,50,34.8,35.8,69.6,-10.8
2016,14,Horz,LOW,304,144,160,47.36842105,-1.3,103.3,104.6,0.4652,49.7,50.4,17.7,17.8,29,70.8,36.8,38.9,47.4,48.9,36,35.6,70.6,-9.1
2016,15,Ivy,MID,219,108,111,49.31506849,-0.3,103.3,103.6,0.4931,51,49.8,18.8,18.3,29.1,70.8,35.7,35.2,49.2,48.6,36,34.8,68.8,-7.6
2016,16,MAAC,LOW,350,166,184,47.42857143,-4.1,101.1,105.2,0.3885,49.1,49.2,19,18.7,30.3,69.1,35.5,37,47.6,48,34.5,34.2,69.4,-11
2016,17,MAC,MID,371,198,173,53.36927224,0.5,104.6,104.1,0.5154,50.2,50,17.5,17.6,29.5,71.2,37.8,36.5,48.6,48,35.3,35.6,68.9,-8.1
2016,18,MEAC,LOW,388,143,245,36.8556701,-14.8,95.2,110,0.1593,46.4,50.5,19.6,19,30.5,67.2,38,40.5,45.5,49.9,32.1,34.3,69,-14.3
2016,19,MVC,MID,314,157,157,50,2,102.3,100.3,0.5573,48.8,48.8,18.8,19.1,26.6,73.2,37.4,37.5,48,47.8,33.6,33.8,68,-7.4
2016,20,MWC,MID,336,174,162,51.78571429,3.2,104.6,101.4,0.5884,49.3,48.9,17.9,17.9,28.6,71.6,40.8,38.7,48.5,47.9,33.8,33.7,69.5,-6.7
2016,21,NEC,LOW,307,127,180,41.36807818,-12.8,96.2,109,0.1917,47.5,50.3,19.2,19.3,30.2,68,34.5,36.8,47.1,49.7,32.1,34.2,69.3,-14
2016,22,OVC,LOW,350,159,191,45.42857143,-5.2,102,107.2,0.3596,50.5,51.6,18.9,18.7,29.9,69.3,37.6,38.6,49.4,50.7,34.9,35.5,68.9,-10.6
2016,24,P12,HIGH,382,230,152,60.20942408,13.3,111.1,97.8,0.811,50.8,48.4,17.5,17.3,31.8,70.5,38.6,34.7,49.3,46.5,35.9,34.7,69.8,-0.3
2016,25,Pat,LOW,307,138,169,44.95114007,-7.4,99.9,107.3,0.3046,50.3,51,19,18.2,27.8,70.7,35.6,36.6,49.3,49.9,34.7,35.3,68.1,-12.3
2016,26,SB,MID,329,159,170,48.32826748,-1.5,102.1,103.6,0.4584,48.1,48.8,18.1,18.4,30.9,69.4,37.2,38.7,46.9,47.4,33.4,34.2,69,-9.3
2016,27,SC,MID,302,141,161,46.68874172,-4.9,102.5,107.4,0.3702,50.5,52,18.6,18.9,29.5,69.6,36.1,39.6,49.5,51.1,34.7,35.7,69,-10.6
2016,28,SEC,HIGH,452,255,197,56.4159292,12,109.6,97.6,0.791,49.7,47.7,17.4,18.2,31.8,69,39.4,38.2,48.5,46,34.6,33.9,69.6,-1.9
2016,29,Slnd,LOW,361,148,213,40.99722992,-11.5,98.4,109.9,0.2186,49.4,52.1,19.4,19.2,29.3,68.3,39,41.1,47.9,50.8,34.9,36.3,70.2,-11.6
2016,30,Sum,LOW,267,139,128,52.05992509,-0.3,104.6,104.9,0.4912,51.3,51.1,17.6,17.9,26.9,71.6,35.4,37.3,49.5,49.5,36.6,36.3,69.2,-7.9
2016,31,SWAC,LOW,307,116,191,37.78501629,-14.1,94.5,108.6,0.1675,45.7,49.6,19.5,19.2,30.5,67.7,35.9,41,45.6,50.1,30.7,32.5,68.4,-14.2
2016,32,WAC,MID,228,101,127,44.29824561,-6.5,99,105.5,0.3246,48.1,49.1,19.2,17.9,30.4,69.5,35.2,36.9,46.6,47.8,34,34.4,69,-10.2
2016,33,WCC,MID,300,152,148,50.66666667,3.1,106.5,103.4,0.5849,50.7,49.7,17.1,17,29.7,71,34.7,36,49.2,48.1,35.5,35.1,68.7,-6.9
2015,1,A10,MID,441,238,203,53.96825397,5.2,104,98.8,0.6429,48.9,48.3,19,19.7,31.2,69.4,38,36.2,48.4,47.3,33.3,33.6,65.1,-5.3
2015,2,ACC,HIGH,487,294,193,60.36960986,15.3,110.5,95.2,0.8475,50.3,47.3,17.7,18.3,33.1,69.7,36.4,32.6,49.8,46.6,34.1,32.5,64.7,0.5
2015,3,AE,LOW,270,115,155,42.59259259,-8.2,95.8,104,0.2799,47.8,49.8,20.4,19.9,27.3,71.5,35.3,36.1,46.2,48.3,33.8,34.9,64.1,-11.8
2015,4,Amer,MID,347,189,158,54.46685879,3.8,102.6,98.8,0.6083,48.1,47.1,19.2,19.1,32.7,68.3,35.1,33.3,47.3,45.9,33.2,33,63.9,-5.7
2015,5,ASun,MID,233,101,132,43.34763948,-9.6,98.7,108.3,0.2572,48.8,50.1,18.4,17.8,30,67.3,34.5,37,47.7,49.5,33.9,34.2,65.6,-11.4
2015,6,B10,HIGH,456,273,183,59.86842105,14.5,109.9,95.4,0.8354,50.4,47.5,17.5,18.7,31.3,70,34.6,32.1,49,45.9,35.3,33.6,64.4,-0.1
2015,7,B12,HIGH,323,202,121,62.53869969,16.3,109.9,93.6,0.864,49.1,46.4,19,20,35,68.6,40.6,37,47.8,44.8,34.6,33.2,65.3,1.7
2015,8,BE,HIGH,323,193,130,59.75232198,14.9,110.6,95.7,0.8408,50.5,48.2,18.1,19.5,32,68.7,39,36.2,49.3,47.1,35.1,33.4,65.4,0.5
2015,9,BSky,MID,346,151,195,43.6416185,-6.6,101.7,108.3,0.3247,50.7,52.3,18.1,17.8,29,70,36.7,39,47.9,50.6,37.2,37.1,65.5,-11.3
2015,10,BSth,LOW,317,143,174,45.11041009,-6.8,100.2,107,0.3192,49.6,50.8,19.3,18.4,30.7,68.3,35.6,36.9,48,49.3,34.9,35.7,65.2,-10.9
2015,11,BW,LOW,270,130,140,48.14814815,1,102.5,101.5,0.5298,48.5,48.5,18.9,18.7,30.3,69.1,35.3,37.8,46.5,46.1,35.1,35.5,64.8,-7.9
2015,12,CAA,LOW,313,151,162,48.2428115,-2.6,101.4,104,0.4285,49.4,49.4,18.9,18,30,69.7,38.9,37.7,47.4,47.9,35.4,35,64.8,-10
2015,13,CUSA,MID,425,209,216,49.17647059,-1.4,100.7,102.1,0.4587,49.1,49,19.8,19.7,30.6,68.7,36.4,35.4,48.1,48.1,33.9,33.8,65.1,-9
2015,14,Horz,LOW,269,127,142,47.21189591,-0.8,102.4,103.2,0.4783,49.6,50.7,18.7,18.9,29.9,69.9,35.9,38.6,48.1,49,34.9,36,65.1,-8.6
2015,35,Ind,LOW,25,14,11,56,-2.5,101,103.5,0.4306,52.3,46.2,21.5,19.4,28.6,66.8,38.5,45.1,49.3,44.2,37.7,33.3,66.9,-6.1
2015,15,Ivy,MID,227,113,114,49.77973568,-0.9,100.4,101.3,0.4746,49.1,48.3,20.2,18.6,29.1,71.3,38.9,38.3,47.6,46.6,34.5,34.4,63.9,-8.3
2015,16,MAAC,LOW,349,164,185,46.99140401,-3.4,99.9,103.3,0.4051,47.8,48.3,19.6,19.9,31.4,67.7,39.1,39.7,46.2,46.8,33.8,34.1,65.2,-11.2
2015,17,MAC,MID,368,199,169,54.07608696,2.4,104.2,101.8,0.5668,49.9,49.2,18.5,19,31.2,69.3,38.1,37.5,48.6,48.5,34.7,33.7,65.1,-7
2015,18,MEAC,LOW,397,151,246,38.03526448,-13.2,93.7,106.9,0.1791,46.1,49.7,21.1,20.1,31.9,66.7,37.7,41.2,45.4,48.9,31.7,34.1,65.4,-13.7
2015,19,MVC,MID,309,162,147,52.42718447,3.9,103.3,99.4,0.6072,49.3,49.1,19.8,19.9,30,70.7,37.5,35.9,47.3,47.1,35.6,35.3,62.6,-6.3
2015,20,MWC,MID,337,178,159,52.8189911,2.6,102.4,99.8,0.5714,48.7,47.8,18.4,18.5,29.4,70,36.2,33.7,47.7,46.1,33.8,33.8,63.6,-6.6
2015,21,NEC,LOW,306,134,172,43.79084967,-8.4,97.6,106,0.2784,47.3,49.7,19.7,19.6,32,67.3,34.9,37.3,46.3,49.1,32.8,33.9,65.6,-12.4
2015,22,OVC,LOW,346,159,187,45.95375723,-4.6,100.1,104.7,0.3741,49.6,50.6,19.6,19.7,30.2,68.7,36.5,38.1,48.2,49,34.8,35.7,65.3,-10
2015,24,P12,HIGH,384,224,160,58.33333333,10.8,107.5,96.7,0.7718,50,47.6,18,18,31.1,71,37.7,35.2,48.6,45.9,35.5,34.1,65.7,-1.9
2015,25,Pat,LOW,305,146,159,47.86885246,-5.1,101,106.1,0.3596,50.6,51.1,18.7,18.1,28.2,70.1,34.9,36,48.8,49.3,36.1,36.3,63.8,-10.5
2015,26,SB,MID,322,154,168,47.82608696,-3.3,99.4,102.7,0.4057,47.6,48,19.3,19.2,31,68.3,36,35.9,47.2,47.5,32.3,32.5,65.6,-9.8
2015,27,SC,MID,298,135,163,45.30201342,-5.6,100.9,106.5,0.3491,49.6,51,19.3,19.3,31.4,67.6,37.6,40.9,48.1,50.1,34.8,35.2,65.3,-10.8
2015,28,SEC,HIGH,450,260,190,57.77777778,11.8,107.7,95.9,0.7919,49.1,46.9,19.2,20,33.3,68.3,39.4,38.1,48.3,45.6,33.8,32.8,64.9,-1.6
2015,29,Slnd,LOW,357,155,202,43.41736695,-9.1,98.8,107.9,0.2651,49.5,51.5,20.6,20,31.7,66.9,40,42.4,48.9,50.5,33.9,35.7,66.6,-10.6
2015,30,Sum,LOW,264,125,139,47.34848485,-4.5,100.3,104.8,0.3764,49.5,50.5,18.5,18.4,27.4,72.1,37.2,37.5,47.5,48.8,35.6,36.1,65.1,-10
2015,31,SWAC,LOW,306,110,196,35.94771242,-17.3,91.7,109,0.1202,45.1,49.8,21.1,20.6,32.7,64.5,37.1,42.2,44.6,49.4,30.8,33.8,66.1,-14.5
2015,32,WAC,MID,235,94,141,40,-9.4,96.5,105.9,0.2558,47,49.5,20.7,19.5,32,67.8,37.6,39.3,45.9,48.5,32.8,34.3,63.4,-12.6
2015,33,WCC,MID,303,161,142,53.13531353,6.9,107.3,100.4,0.6812,50.4,48.9,18.3,18.1,32.1,69.4,37.7,37.5,48.5,47.7,36.1,34.3,64.4,-4.9
2014,1,A10,MID,415,246,169,59.27710843,9.3,108.3,99,0.7368,49.4,48.4,18.2,19.3,32.6,69,40.7,38.5,48.5,47.9,34.2,33,67.4,-2.2
2014,2,ACC,HIGH,489,287,202,58.69120654,13.7,111.4,97.7,0.8185,49.8,47.4,17.3,17.6,34,68.6,39.8,37,49,46.2,34.4,33.2,64.9,-0.2
2014,3,AE,LOW,269,111,158,41.26394052,-9.8,97.6,107.4,0.2516,48.2,49.7,20.3,19.2,29.1,69,39.6,40.7,46.5,48.7,34.3,34.4,66,-12.3
2014,4,Amer,MID,321,187,134,58.25545171,10,109.4,99.4,0.7506,50,48,18,19.4,34.4,67.2,39,37,49.3,46.8,34.5,33.8,67.2,-2.2
2014,5,ASun,MID,302,135,167,44.70198675,-8.4,101,109.4,0.2865,50,51.1,19.1,18.4,30.5,67.8,39.8,41.8,49.2,50.3,34.4,34.9,67.3,-11.4
2014,6,B10,HIGH,390,239,151,61.28205128,16,112.3,96.3,0.854,50.3,47.3,16.8,17.9,31.3,70.7,39.2,36.2,49.3,46.5,34.7,32.5,65.9,1.4
2014,7,B12,HIGH,323,198,125,61.3003096,15.3,113.5,98.2,0.8413,50.7,48,16.8,17.7,33.6,68.1,42.5,39.1,49.6,46.6,35.3,33.8,67.5,1.3
2014,8,BE,HIGH,324,193,131,59.56790123,13.1,111.8,98.7,0.8071,50.9,48.9,17.3,18,32,70.3,41.3,39.2,49.9,47.5,35.3,34.4,66.1,-0.5
2014,9,BSky,MID,317,139,178,43.84858044,-8.7,101.8,110.5,0.2819,50.9,52.6,18.1,18.1,29.4,69,40.4,42.9,49.6,51.4,35.8,36.9,65.7,-11.6
2014,10,BSth,LOW,346,145,201,41.90751445,-9.3,101.6,110.9,0.2669,50,51.7,18.2,17.4,31.1,67.5,35.9,38.3,48.6,50.5,35.2,36,67.3,-12
2014,11,BW,LOW,271,123,148,45.38745387,-2.7,103.5,106.2,0.4265,49.3,49.7,17.7,17.4,31.2,68.4,39,40.9,48.5,48.3,34.1,34.9,66.2,-9.9
2014,12,CAA,LOW,283,134,149,47.34982332,-1.9,104.1,106,0.447,48.6,49,17.2,16.2,31.5,68.9,42.3,39.6,47.8,47.8,33.4,34.4,65.7,-9.6
2014,13,CUSA,MID,487,248,239,50.92402464,-0.5,103,103.5,0.4871,48.7,48.6,19.4,18.8,32.6,68.4,43.6,40.8,48.1,47.8,33.2,33.6,66.7,-7.9
2014,14,Horz,LOW,271,131,140,48.33948339,0.5,104.8,104.3,0.5128,50,50,18.9,19.1,29.4,69.2,41.3,43.2,48.8,48.8,34.9,34.9,66.8,-8.5
2014,35,ind,LOW,25,9,16,36,-14.6,96,110.6,0.164,48,50.3,18.6,18.8,26.1,67.3,38.8,47.5,45,49.8,35.7,34.1,68.8,-12.3
2014,15,Ivy,MID,221,109,112,49.32126697,-0.4,103.6,104,0.4893,49.7,49.1,19.1,18.3,29.9,71.2,40.9,43,48,47.2,35.3,35.5,66,-7.5
2014,16,MAAC,LOW,349,168,181,48.13753582,-1.8,104,105.8,0.4502,48.8,49.8,18.7,18.6,33.1,67.4,43.2,43.9,46.8,48.4,35.3,35.2,67.9,-9.6
2014,17,MAC,MID,369,191,178,51.76151762,-0.8,102.4,103.2,0.4792,48.5,49,19.7,19.7,32,68.2,41.1,39.6,48.5,48.4,32.4,33.4,66.4,-8.2
2014,18,MEAC,LOW,388,146,242,37.62886598,-12.4,96.5,108.9,0.1995,45.7,49.1,20.3,20.1,33.4,65,42.3,47.7,45,48.1,31.5,34,66.6,-13.5
2014,19,MVC,MID,311,163,148,52.41157556,2.9,106,103.1,0.58,50.2,49.9,18.1,18.5,29,70.6,41.6,40.6,49.1,48.9,34.8,34.4,65.5,-6.7
2014,20,MWC,MID,339,184,155,54.27728614,5.5,107.8,102.3,0.6465,49.2,48.2,16.4,16.2,30.5,70.3,40.2,36.8,47.9,47.3,34.5,33.3,65.4,-4.9
2014,21,NEC,LOW,306,131,175,42.81045752,-8.6,101,109.6,0.2811,48.9,50.8,18,18.2,30.5,66.7,35.6,38,47.7,49.8,34,35.2,67.4,-12
2014,22,OVC,LOW,353,156,197,44.19263456,-6.5,103.5,110,0.33,51.6,53.2,19.2,19.2,31.2,67.8,43.5,46.2,51.3,52.9,34.8,36,67.8,-10.9
2014,24,P12,HIGH,385,234,151,60.77922078,12.4,110.9,98.5,0.7957,51.1,48.5,17.2,17.5,30.8,70.8,41.9,37.9,50.2,47.2,35.4,34,67.4,-0.4
2014,25,Pat,LOW,307,146,161,47.55700326,-2.6,102.8,105.4,0.429,50.7,50.2,18.8,18.6,28.6,69.6,33.4,35.3,48.7,48.5,36.3,35.8,65.4,-9.8
2014,26,SB,MID,294,137,157,46.59863946,-1.8,103.4,105.2,0.4521,49.1,49.8,18.5,18.2,31.1,68.8,40.5,40.5,47.6,48.6,34.5,34.8,66.7,-9
2014,27,SC,MID,321,132,189,41.12149533,-10.5,99.9,110.4,0.2398,49.3,51.3,18.4,17.7,30.1,68.3,38.2,41.6,48.2,50.8,34.3,34.9,66.8,-12.2
2014,28,SEC,HIGH,453,262,191,57.83664459,11.3,109.5,98.2,0.7785,49.3,47,18.4,18.9,34,67.8,43.9,40.4,48.7,45.7,33.8,33,66.6,-1.7
2014,29,Slnd,LOW,383,162,221,42.29765013,-10.1,100.2,110.3,0.2507,49.2,51.6,19.3,19,31.3,66.6,41.5,45.4,48.2,50.7,34.5,35.9,67.6,-10.8
2014,30,Sum,LOW,227,106,121,46.69603524,-1.9,104.4,106.3,0.4469,51,51.5,17.9,18,27.6,70.8,39.3,39,50.1,50.3,35.2,35.9,66.1,-8.8
2014,31,SWAC,LOW,294,113,181,38.43537415,-14.6,95.7,110.3,0.1639,47,50.5,20.2,19.6,31.1,66.7,41.1,46.2,46.2,49.9,32.3,34.5,67.5,-13.5
2014,32,WAC,MID,271,122,149,45.01845018,-5.8,101.4,107.2,0.3455,48.9,49.7,18.4,18,30.8,68,41.4,43.6,48,49.2,33.8,33.8,67,-11
2014,33,WCC,MID,310,170,140,54.83870968,6.8,109.8,103,0.6756,50.9,49.6,17.2,17.3,32.1,69.2,41.6,41.5,49,48,36.8,35.4,66.9,-4.7
2013,1,A10,MID,499,283,216,56.71342685,8.8,105.9,97.1,0.7311,49.6,48.5,19.7,20.4,32.9,68,37.6,36.2,48.7,47.2,34.3,34,66.4,-3.4
2013,2,ACC,HIGH,389,233,156,59.89717224,11.7,107.1,95.4,0.7922,50.4,47.3,18.6,18.9,31.6,69.1,35.6,31.5,49.2,46,35.4,33.4,66.2,-1.6
2013,3,AE,LOW,271,129,142,47.60147601,-4.2,96.5,100.7,0.3801,47.6,47.9,20.7,20,29.3,70,34.9,34,46.4,47.5,33.2,32.5,65.3,-10.4
2013,5,ASun,MID,303,129,174,42.57425743,-7.2,97.4,104.6,0.3052,48.6,50.3,21.1,20.3,31.4,67.2,34.8,37.3,47.9,49.5,33.2,34.5,66.3,-11.7
2013,6,B10,HIGH,388,238,150,61.34020619,16.8,109.4,92.6,0.8714,48.9,46.1,18.1,19.3,33.8,69.6,35.2,33.1,48.3,44.9,33.6,32.3,64.8,1.4
2013,7,B12,HIGH,320,188,132,58.75,11,106.1,95.1,0.7786,48.7,47,19.5,20.2,34.3,68,37.5,35.9,48,45.8,33.3,32.9,66.2,-1.7
2013,8,BE,HIGH,481,299,182,62.16216216,14.6,107.6,93,0.8425,48.7,45.9,19.6,21,34.7,67.1,36,33.5,48.2,44.9,33.3,31.9,65.2,0.2
2013,9,BSky,MID,320,136,184,42.5,-9.2,97.4,106.6,0.2629,49,50.4,19.3,18.6,29.1,68.9,35.8,36.7,47.5,49.2,34.7,35.4,65.9,-12.3
2013,10,BSth,LOW,348,139,209,39.94252874,-9.5,96.5,106,0.2523,47.8,49.9,20.1,19.5,31.8,67.2,33.2,35.9,47,49,32.9,34.4,66.3,-13
2013,11,BW,LOW,298,137,161,45.97315436,-2.9,101,103.9,0.4193,49.9,50.2,19.6,19,30.9,68.5,34.4,35.8,48.2,48.1,35.4,36,66.1,-10.2
2013,12,CAA,LOW,341,153,188,44.86803519,-3,99.9,102.9,0.4147,47.7,49,19.9,19.3,33.1,67.6,37.3,37.1,46.7,47.7,33.3,34.3,65.1,-11.2
2013,13,CUSA,MID,367,199,168,54.22343324,2.4,102.8,100.4,0.5678,50,49.1,20.5,20.5,32.7,67.8,39.1,36.9,49.1,48.1,34.6,34.1,66.6,-6.8
2013,34,GWC,LOW,136,52,84,38.23529412,-13.3,91.4,104.7,0.1732,46.2,48.6,21.6,21.4,29.7,67.1,34.2,38.5,44.4,47.5,33.3,34.2,66.3,-12.9
2013,14,Horz,LOW,275,141,134,51.27272727,0.3,100.6,100.3,0.5086,48.9,49,19.8,20.1,29.9,70,36,36,47.7,48,34.1,34,65.5,-8.2
2013,35,ind,LOW,48,14,34,29.16666667,-15.8,91.7,107.5,0.1378,45.9,52.7,22.5,21.6,28.9,66.8,37,47,45.4,52,31.5,36.2,68.6,-12.5
2013,15,Ivy,MID,223,97,126,43.49775785,-3,98.9,101.9,0.4137,48.7,49.9,20.9,20.5,29.4,70.4,36.5,38.8,46.5,47.8,35.3,36.3,64.8,-9.9
2013,16,MAAC,LOW,319,156,163,48.90282132,-0.6,100.1,100.7,0.4827,48.6,48.6,20.6,20.7,32.4,66.9,36.7,37.6,47.1,47.4,34.3,34,65.7,-9.7
2013,17,MAC,MID,367,175,192,47.68392371,-1.5,99.4,100.9,0.4563,48.2,48.9,21,21,32.6,67.5,37.3,38.4,47.5,47.8,33,34,65.4,-9.7
2013,18,MEAC,LOW,396,156,240,39.39393939,-11,91.2,102.2,0.2117,44.3,47.5,22.6,22.4,33.1,65.1,36.5,39.1,44.3,47.3,29.6,32,66.1,-13.5
2013,19,MVC,MID,317,174,143,54.88958991,7.7,105,97.3,0.7047,50.3,49.1,18.8,20.2,29.1,70.7,34.4,34.8,49.2,48.1,34.9,34,65.4,-4.4
2013,20,MWC,MID,273,167,106,61.17216117,10.9,106.1,95.2,0.777,49.1,47.5,18.4,19.2,30.5,71,38.6,35.1,48,46.5,34.1,33.1,65.3,-1.4
2013,21,NEC,LOW,370,170,200,45.94594595,-6.8,99.4,106.2,0.3194,49.4,51.6,20.2,20.2,31.9,66.8,35.7,37.4,48,50.3,34.8,36.1,67.5,-11.5
2013,22,OVC,LOW,348,165,183,47.4137931,-5.2,99.6,104.8,0.3565,50.3,50.5,21.2,21.2,31.9,66.4,36.9,39.9,49,50.1,35.1,34.1,66.4,-10
2013,24,P12,HIGH,388,228,160,58.7628866,11.7,106.5,94.8,0.7932,49.2,47,19,18.9,32.4,69.8,34.8,30.3,48.1,45.2,34.5,34,66.5,-1.8
2013,25,Pat,LOW,247,120,127,48.58299595,-2.5,99.7,102.2,0.4281,49.4,48.5,18.7,17.7,27.7,70.2,31.8,32,46.9,47.2,36.1,34,64.5,-9.8
2013,26,SB,MID,341,167,174,48.97360704,-3.9,97.6,101.5,0.3888,47.4,48.3,21.1,21.4,32.6,67.2,37.7,38.4,46.3,47.4,33.3,33.5,66.5,-10.2
2013,27,SC,MID,364,156,208,42.85714286,-8.3,97.2,105.5,0.2811,48.3,49.8,19.8,19,30,69.1,35,36.3,46.9,48.8,34.1,34.5,65.5,-12.3
2013,28,SEC,HIGH,453,256,197,56.51214128,8.9,104.4,95.5,0.7347,48.9,46.8,19.9,20.5,33.5,68.4,36.7,35,48.2,45.8,33.6,32.6,65.8,-3.7
2013,29,Slnd,LOW,290,123,167,42.4137931,-8.4,96.1,104.5,0.2745,46.7,49,20.3,19.7,32.4,66.6,35.4,38.3,45.9,47.8,32.6,34.7,66.6,-11.3
2013,30,Sum,LOW,269,121,148,44.98141264,-6.1,99.9,106,0.3357,50.7,52.3,19.1,18.3,27.5,70.3,33.5,32,48.9,51.1,36.2,36.4,65.5,-10.6
2013,31,SWAC,LOW,298,108,190,36.24161074,-16,90.2,106.2,0.1337,44.6,47.8,20.9,19.7,31.2,65.3,34.7,38.4,43.5,47,31.3,32.9,66.9,-14.1
2013,32,WAC,MID,307,155,152,50.48859935,-0.6,100.1,100.7,0.4829,48.5,48.2,20.8,20.3,32.8,68.6,36.8,36.2,47.4,47.2,33.8,33.5,66.1,-8.9
2013,33,WCC,MID,276,151,125,54.71014493,6.3,104.8,98.5,0.6714,49.9,48.4,19.5,19.4,32.6,69.3,36.4,36.3,48.3,46.7,35.4,34.6,66,-5.1
2012,1,A10,MID,438,242,196,55.25114155,8,105.8,97.8,0.7125,49.5,48.1,19.3,20.4,32.7,67.3,35.3,35.1,48.3,47,34.7,33.7,66.9,-3.5
2012,2,ACC,HIGH,385,225,160,58.44155844,10.7,106.3,95.6,0.773,49.5,47,19.5,19.2,32.8,68.9,36.7,31.3,48.4,46,34.5,32.7,66.1,-1.6
2012,3,AE,LOW,277,117,160,42.23826715,-9.2,95.9,105.1,0.2585,47.5,49.5,20.6,20.2,31.2,68.6,33.1,35.8,46.8,48.1,32.5,34.8,65.5,-12.7
2012,5,ASun,MID,305,140,165,45.90163934,-0.9,101.6,102.5,0.4766,50.4,50.7,21.5,21.1,34.1,65.3,35.8,37.8,49.1,50,35.3,34.8,67.1,-8.4
2012,6,B10,HIGH,390,242,148,62.05128205,15.3,110,94.7,0.8484,51.1,48.4,18.3,20.2,32.4,70.1,35.2,33.7,50,46.6,35.5,34.6,64.8,1.6
2012,7,B12,HIGH,321,196,125,61.05919003,13.7,108.6,94.9,0.8237,50.8,47.4,19.7,20.3,33.4,68.5,37.9,35.4,49.5,46.1,35.7,33.3,66.4,0.4
2012,8,BE,HIGH,518,312,206,60.23166023,12.6,107.8,95.2,0.807,48.9,46.7,19.3,20.5,35.8,65.9,35.2,32.2,48.6,46,33,32.2,65.9,0
2012,9,BSky,MID,252,110,142,43.65079365,-6.7,99.8,106.5,0.3208,49.9,51.9,20,19.8,30.6,68.8,37.5,39.6,47.7,49.8,36.2,37.4,66.6,-10.4
2012,10,BSth,LOW,321,141,180,43.92523364,-6.5,99.6,106.1,0.3251,49.4,51.1,19.6,19.6,31.8,67.4,37,38.6,48.7,50.3,33.9,35.1,66.6,-11.1
2012,11,BW,LOW,260,116,144,44.61538462,-4.3,99.7,104,0.3801,48.7,49.2,20.2,19.2,32.4,67.2,34.6,37.2,46.4,47.2,35.4,35.3,65.7,-9.8
2012,12,CAA,LOW,383,189,194,49.34725849,0,99.7,99.7,0.4989,47.1,47.4,20.7,20.3,33.2,67.5,37.6,37.2,45.9,46.4,33.1,33,65.4,-8.2
2012,13,CUSA,MID,366,199,167,54.3715847,5.3,103.3,98,0.6448,49.3,47.9,20.1,20,32.7,69.2,38.8,35.9,48.4,46.8,34.1,33.6,65,-5.1
2012,34,GWC,LOW,166,57,109,34.3373494,-12.8,93.3,106.1,0.1845,46.5,50.6,21.3,20,29.7,67.2,34.6,38.7,44.9,49.8,33.1,34.8,67.6,-13
2012,14,Horz,LOW,306,152,154,49.67320261,0,99.9,99.9,0.499,48.4,49,21.2,21.1,31.7,68.4,36.7,39.1,47.3,47.9,33.6,34.1,65,-7.7
2012,35,ind,LOW,97,32,65,32.98969072,-12.1,98.2,110.3,0.209,49,54.1,19.7,19.1,29.9,67.9,28.3,39,48.4,52.2,33.4,38.3,70.6,-11.4
2012,15,Ivy,MID,228,113,115,49.56140351,-1.2,98.8,100,0.4657,49,48,20.1,19.8,27.6,70.7,34.2,35.4,46.6,46,35.5,35,64.5,-7.8
2012,16,MAAC,LOW,318,153,165,48.11320755,-3.2,99.8,103,0.411,49,49.6,21.2,21.1,33.3,66.1,35.9,36.3,47.4,47.7,34.8,35.6,67.1,-9.7
2012,17,MAC,MID,369,178,191,48.23848238,-0.5,100,100.5,0.4861,48.5,48.6,21.3,21.2,33.3,66.8,36.1,37,47.2,47.5,34.1,33.9,65.2,-8.5
2012,18,MEAC,LOW,387,152,235,39.27648579,-10.4,94.8,105.2,0.2307,46.6,49.2,22,21.2,33.6,64.3,37.4,39.6,45.8,48.5,32.2,33.8,66.9,-12.6
2012,19,MVC,MID,313,170,143,54.31309904,6.1,104.6,98.5,0.6664,50.2,49.2,18.6,19.3,28.2,71.6,37,36.2,48.4,47.4,35.8,35.2,65.9,-4.5
2012,20,MWC,MID,241,151,90,62.65560166,8.8,105.8,97,0.7299,51.3,48.5,19.3,20.6,29.5,71.5,38.1,35.8,49.8,47.1,36,34.1,65.7,-1.9
2012,21,NEC,LOW,369,165,204,44.71544715,-6.2,98.1,104.3,0.3302,48.6,50.1,21.7,21.2,33.6,66.3,36.4,38.1,47.6,49,33.9,34.9,67.4,-11
2012,22,OVC,LOW,319,148,171,46.39498433,-6.6,98.8,105.4,0.3231,49.3,51,21.2,21.1,32.6,66.5,38.2,39.2,48.3,50.3,34.3,34.9,65.7,-9.9
2012,24,P12,HIGH,380,203,177,53.42105263,6.7,104.1,97.4,0.6839,50,48.5,19.8,19.9,31.3,69.4,37.8,34.5,48.8,46.8,35.1,34.7,65.9,-4.4
2012,25,Pat,LOW,243,117,126,48.14814815,-4.8,99.5,104.3,0.3675,49.6,49.6,19.9,18.7,27.8,70.5,35.4,35.4,47.2,48.4,36,34.6,65.8,-9.7
2012,26,SB,MID,356,164,192,46.06741573,-2.1,99.4,101.5,0.4423,48,48.6,20.8,20.7,32.5,67.1,36.8,38.4,46.3,46.7,34.5,35.2,65.9,-9
2012,27,SC,MID,356,158,198,44.38202247,-5.6,98.7,104.3,0.3472,48.7,50,20.1,19.2,31.2,68,34.1,36.1,47.7,49.7,33.7,33.8,66.7,-10.4
2012,28,SEC,HIGH,387,234,153,60.46511628,12.4,107.2,94.8,0.8047,49.3,46.8,19.1,20,33.7,67.9,35.2,33.8,48.2,45.3,34.4,33.3,65.4,-0.5
2012,29,Slnd,LOW,343,150,193,43.73177843,-7,95.9,102.9,0.3073,47.2,49.2,21.1,21.5,31.8,66.9,38.5,39.1,46.5,48.4,32.6,34,67.4,-10.6
2012,30,Sum,LOW,299,152,147,50.8361204,-1.3,103.3,104.6,0.4653,51.8,52.1,18.9,19.2,29.7,70,37.1,36.4,50.3,50.9,36.6,36.6,66,-8.2
2012,31,SWAC,LOW,297,104,193,35.01683502,-19,88.2,107.2,0.0964,44.2,48.5,23,21.6,31,65.5,36.9,41.2,43.1,47.3,31.1,34,66.7,-14.2
2012,32,WAC,MID,247,130,117,52.63157895,-0.1,102.4,102.5,0.4975,49.7,48.7,19.3,19.1,32.6,67.3,40.1,35.3,48.8,48,34.4,33.4,66,-7.9
2012,33,WCC,MID,267,140,127,52.43445693,1.8,103.4,101.6,0.5504,50.1,49.9,19.5,19.4,31.3,70,37.6,36.2,49,48.8,35,34.7,66.9,-6.2
2011,1,A10,MID,437,235,202,53.77574371,4.1,103.4,99.3,0.6165,48.7,47.8,19.3,19.7,32.8,67.7,36.1,35.1,47.4,46.7,34.3,33.4,66.7,-6.2
2011,2,ACC,HIGH,385,229,156,59.48051948,13.1,107.9,94.8,0.8158,49.9,47.1,19.4,20.1,33.4,68.1,36.7,32.4,48.5,45.5,35.2,33.6,67.6,-1
2011,3,AE,LOW,278,123,155,44.24460432,-7.5,96.9,104.4,0.2967,46.9,48.4,19.6,19.2,31.9,67.1,32.1,33.4,44.7,46.3,33.8,34.6,64.4,-12.2
2011,5,ASun,MID,340,155,185,45.58823529,-4.5,98.7,103.2,0.3732,48.2,49.4,22,21.7,34,65.5,39.8,41.1,47.8,48.3,32.7,34.4,67.1,-10.6
2011,6,B10,HIGH,351,213,138,60.68376068,17.7,112.5,94.8,0.8777,51.4,48.5,17.7,19.4,32.5,69.9,33.9,32.3,50.1,46.9,36,34.4,64.8,1.5
2011,7,B12,HIGH,383,243,140,63.4464752,13.5,109,95.5,0.8202,51.1,47.4,19.5,20.8,34.2,68.6,39.2,37,50,46,35.7,33.5,67.6,-0.4
2011,8,BE,HIGH,517,317,200,61.31528046,15.7,110.8,95.1,0.8529,49.9,47.3,18.6,19.9,35.8,66.9,37.7,34.6,49.2,46.1,34.3,33.2,66.4,0.8
2011,9,BSky,MID,254,114,140,44.88188976,-4.8,100.1,104.9,0.3681,48.8,49.7,19.9,19.1,31.5,67.5,38.2,38.5,46.6,47.8,35.4,35.6,65.9,-10.3
2011,10,BSth,LOW,286,127,159,44.40559441,-8.2,96.9,105.1,0.2832,48.1,49.8,21.1,20.7,32.3,66.8,36.5,36.7,46.7,48.7,34,34.7,67.1,-11.2
2011,11,BW,LOW,266,117,149,43.98496241,-2.8,100.7,103.5,0.4228,49.3,49.7,20.1,19.5,30,68.5,39.3,40.2,47.6,48.5,35,34.7,66.8,-10.5
2011,12,CAA,LOW,377,201,176,53.31564987,2.1,104,101.9,0.5582,49.8,49,19.1,18.6,32.7,68,36.6,36,47.8,47.2,35.9,35.1,65,-7.2
2011,13,CUSA,MID,361,208,153,57.61772853,5.3,104.9,99.6,0.6449,50.6,48.2,20.2,20.1,32.3,68,41.4,37.8,49.3,46.8,35.3,34,66,-5.3
2011,34,GWC,LOW,196,67,129,34.18367347,-16.6,93.4,110,0.1314,47.4,51.4,20.7,19.2,29.2,68.2,39.8,42.7,45.5,49.9,34.2,36.2,69.2,-14.5
2011,14,Horz,LOW,310,161,149,51.93548387,3.5,103.9,100.4,0.5966,49.4,49.9,19.6,20.4,32.3,68.1,37.6,38.7,48.3,48.9,34.4,34.6,66.6,-6.9
2011,35,ind,LOW,163,51,112,31.28834356,-13.7,93.7,107.4,0.1718,46.5,52,21.9,20.8,29.5,64.7,35.3,42.9,45.3,52,32.6,34.7,69.4,-13.3
2011,15,Ivy,MID,222,111,111,50,-1.6,101.4,103,0.4557,49.9,50,19.4,19.1,28.6,70.2,36.2,35.1,47.9,48.6,35.8,35.4,66.3,-8.2
2011,16,MAAC,LOW,317,153,164,48.26498423,-2.7,98.9,101.6,0.4237,47.4,47.7,20.7,20.3,33.1,66.2,35.9,36.4,46,46.2,33.6,33.8,67,-10.3
2011,17,MAC,MID,372,170,202,45.69892473,-3.4,99,102.4,0.4041,48.1,49.2,20.6,20.3,31.8,67.6,36.9,38.1,46.9,47.9,33.8,34.7,66.5,-10.7
2011,18,MEAC,LOW,322,128,194,39.7515528,-13.8,93.8,107.6,0.171,46.3,49.6,21,20.9,32.6,64.4,38.4,40.6,45.7,48.5,31.8,34.7,67,-13.5
2011,19,MVC,MID,314,167,147,53.18471338,3.5,103.2,99.7,0.5972,49.4,49,19.2,19,29.2,71.6,37.2,36.6,48.2,47.3,34.5,34.9,64.8,-6.8
2011,20,MWC,MID,278,166,112,59.71223022,10.1,107.1,97,0.7572,50.6,48.2,18.8,20.2,30.7,69.2,37.7,35.3,50.4,46.9,34,33.8,67,-2.2
2011,21,NEC,LOW,365,167,198,45.75342466,-6.1,97.9,104,0.332,47.9,49.2,21.2,20.9,32.9,66.6,38.3,40.3,46.4,48,34.1,34.5,67.2,-11.5
2011,22,OVC,LOW,293,132,161,45.05119454,-5.7,98.8,104.5,0.343,49.2,50.2,21.7,21.5,32.6,67.4,39.9,40.9,47.7,49.2,35.2,34.8,66,-11.2
2011,23,P10,HIGH,319,180,139,56.42633229,11.5,107.6,96.1,0.7857,50.7,48.6,19.2,20.2,32.3,69,37.6,36.7,49.5,47.2,35.4,34.2,67.3,-2.5
2011,25,Pat,LOW,244,110,134,45.08196721,-5,99.1,104.1,0.3596,48.7,49.3,19.5,19.1,28.6,69.5,37.1,39.1,47.1,47.9,34.3,34.6,67.3,-11.6
2011,26,SB,MID,354,159,195,44.91525424,-6.4,99.1,105.5,0.3275,48.5,50.3,20.4,20.4,32.2,67.2,41.2,42.2,47,48.5,34.6,36,66.5,-11.4
2011,27,SC,MID,365,164,201,44.93150685,-4,101.2,105.2,0.3906,50,51.4,20.2,19.6,31.5,67.8,36.1,38.7,48.7,50.6,34.8,35.4,67,-10.5
2011,28,SEC,HIGH,383,225,158,58.74673629,10.4,106.7,96.3,0.7653,49,46.5,19.6,19.9,34.7,67.2,36.7,34.6,47.8,45.1,34.3,32.9,66.6,-2.6
2011,29,Slnd,LOW,322,140,182,43.47826087,-7.3,98.1,105.4,0.3043,48.5,50.6,21.2,21.5,32.6,66.2,40.1,41.9,47.9,50.3,33,34.2,68,-10.8
2011,30,Sum,LOW,295,136,159,46.10169492,-2.9,103.3,106.2,0.4207,51.3,51.7,19.8,18.9,32,67.5,39.5,39.7,49.8,50.7,36.5,36,67.2,-9.4
2011,31,SWAC,LOW,296,104,192,35.13513514,-18.9,87.9,106.8,0.0967,44.1,48.6,23,21.8,30.4,66.5,40.9,45.9,43.1,47.8,31,33.6,68.4,-14.5
2011,32,WAC,MID,275,147,128,53.45454545,2.4,102.3,99.9,0.5673,49,48.3,20.4,19.8,32.6,69.7,41.1,38.4,47.8,47.3,34.3,33.6,66.8,-7.3
2011,33,WCC,MID,244,122,122,50,3.1,104.7,101.6,0.5874,50.1,49.4,19.8,19,32.9,69.2,38.7,38.4,48.5,47.9,35.6,35.1,66.7,-7.2
2010,1,A10,MID,435,241,194,55.40229885,7.1,104.1,97,0.694,48.5,47.5,19.5,19.8,33.3,67.3,36.2,35.2,48.5,46.9,32.3,32.6,67.8,-4.5
2010,2,ACC,HIGH,379,241,138,63.5883905,16.5,109.2,92.7,0.8685,49.6,45.4,19.9,20.9,36.6,66.7,36.8,33.1,48.6,44.5,34.6,31.6,67.9,0.4
2010,3,AE,LOW,275,125,150,45.45454545,-7.7,96.2,103.9,0.2905,46.7,48,20.4,19.9,31.5,67.6,37.1,37.9,45.1,46.1,33,34.3,66.5,-12
2010,5,ASun,MID,329,146,183,44.3768997,-5.8,97.9,103.7,0.3427,48.3,49.8,22.4,21.8,34.2,65,38.4,39,47.3,48.7,33.4,34.6,67.7,-11.5
2010,6,B10,HIGH,354,206,148,58.1920904,14,109.1,95.1,0.8287,50.8,48,18.6,20.2,32,69.4,34.2,32.8,50.2,46.8,34.6,33.5,65.4,-1.4
2010,7,B12,HIGH,382,244,138,63.87434555,17.4,111.9,94.5,0.8746,51.3,47.4,19,20.7,33.7,67.5,40.6,37.2,49.5,45.5,36.8,34.3,68.7,1.2
2010,8,BE,HIGH,513,316,197,61.59844055,15.4,111,95.6,0.8479,50.4,47.6,18.7,19.5,36.6,66,37.1,34.3,49.8,46.6,34.5,33.1,67.2,-0.1
2010,9,BSky,MID,251,115,136,45.81673307,-4.4,101.4,105.8,0.3819,50.8,51.5,19.6,19.7,29.8,67.8,37.7,40,48.5,49.6,36.7,36.9,66.8,-10
2010,10,BSth,LOW,280,119,161,42.5,-11.4,94.5,105.9,0.213,47.4,49.6,21.2,19.9,32.1,66.2,34.5,35.7,46.9,49.2,32.4,33.6,68.9,-11.9
2010,11,BW,LOW,269,125,144,46.46840149,-3.7,99.4,103.1,0.397,48.4,49.6,20.6,20.1,31.7,68.2,41.2,42.6,47,48.1,34.2,34.9,67.1,-10.4
2010,12,CAA,LOW,380,190,190,50,2.1,102.1,100,0.5584,47.7,47.3,19.8,19.7,34.7,65.5,34.8,36.8,46.9,46.7,33.1,32.6,66,-8.4
2010,13,CUSA,MID,367,196,171,53.40599455,6,104.3,98.3,0.665,49,47.8,19.5,20.5,32.9,67.8,40.9,39.4,48,46.9,34.2,33.1,67,-6.2
2010,34,GWC,LOW,203,63,140,31.03448276,-19.5,89.6,109.1,0.0946,45.7,50.7,22.5,20.5,29.2,68.1,39.2,40.2,44.4,48.6,32.2,36.6,68.6,-16.1
2010,14,Horz,LOW,305,155,150,50.81967213,3,103.5,100.5,0.5836,49.3,49.9,19.9,20.9,31.5,68.1,38.9,40.4,47.9,48.9,34.7,34.7,66.6,-7.4
2010,35,ind,LOW,185,53,132,28.64864865,-14.4,91.5,105.9,0.1578,45.3,51.7,22.9,21.6,32.3,65.4,35.7,42.6,44.3,52,31.8,34,70.4,-14
2010,15,Ivy,MID,225,105,120,46.66666667,-6.1,97.5,103.6,0.3322,48.8,49.4,21.2,20.4,29.7,68.7,35.8,36.8,46.9,47.8,35.1,35.3,65.7,-10
2010,16,MAAC,LOW,315,161,154,51.11111111,-0.5,99.6,100.1,0.4849,47.1,47.2,20,21.1,32.9,66.4,35.7,36.3,45.8,45.9,33.3,33.3,67.2,-9.4
2010,17,MAC,MID,369,182,187,49.32249322,-0.9,100.1,101,0.4733,47.9,48.5,20.7,20.3,33.2,67.9,38.7,38.8,46.7,47.3,33.5,34,66.3,-9.3
2010,18,MEAC,LOW,334,134,200,40.11976048,-12.7,93.8,106.5,0.1873,46.2,49.1,21.8,21.2,33.6,64.4,38.2,39.3,46.2,49,30.9,32.8,67.1,-13.9
2010,19,MVC,MID,312,178,134,57.05128205,7,105.8,98.8,0.6875,50.2,48.7,18.9,19.6,30.1,70.3,37.6,36.6,48.6,47.4,35.3,34.1,65.5,-5.3
2010,20,MWC,MID,278,160,118,57.55395683,8.1,105.7,97.6,0.7149,50.7,48.8,19.6,20.3,30.9,70,40.5,40,50.4,47.6,34.1,33.9,66.9,-4.2
2010,21,NEC,LOW,370,153,217,41.35135135,-12.9,93.3,106.2,0.1832,47.1,49.1,22.2,21.1,32.1,66.9,36.5,37.8,45.3,47.8,33.9,34.5,67.1,-14.4
2010,22,OVC,LOW,298,138,160,46.30872483,-5.2,99.8,105,0.357,49.6,50.8,21.2,21.2,33.1,66.3,37.5,40.3,47.3,48.7,36.3,36.7,67.1,-10.6
2010,23,P10,HIGH,316,174,142,55.06329114,11,106.9,95.9,0.7775,50,48.4,19.8,20.4,32.9,68.6,38.9,37,49.5,47.9,34.1,33.1,66.7,-3.7
2010,25,Pat,LOW,244,111,133,45.49180328,-7.7,97.8,105.5,0.2939,49.1,49.8,20.4,19.8,30.4,68.9,37.1,37,46.7,47.8,35.9,35.8,67.3,-12.9
2010,26,SB,MID,386,178,208,46.11398964,-5.3,99.4,104.7,0.3545,49.4,50.2,20.3,20.2,30.9,67.9,38.5,40.1,47.9,48.9,34.9,35.4,66.7,-11.2
2010,27,SC,MID,364,168,196,46.15384615,-2.9,100.5,103.4,0.4184,49.6,50.6,20.3,19.9,31.1,67.3,34.8,36.9,47.6,49.5,35.2,35,66.9,-10.4
2010,28,SEC,HIGH,384,230,154,59.89583333,12.9,108.4,95.5,0.8115,50.1,47.3,19.2,20.3,34.4,66.7,36.7,34.1,49.8,46.1,33.8,33.2,68.2,-1.8
2010,29,Slnd,LOW,325,147,178,45.23076923,-5.2,99.2,104.4,0.357,48.8,50.2,21.4,21.2,33.8,66.6,41.4,43.7,47.9,49.5,33.8,34.4,67.9,-10.4
2010,30,Sum,LOW,289,131,158,45.32871972,-6,98.5,104.5,0.3359,48.3,49.9,20.2,19.1,30.9,68.4,39,38.5,46.6,48.6,34.8,35.4,67.5,-10.7
2010,31,SWAC,LOW,286,103,183,36.01398601,-17.4,88.9,106.3,0.1134,44.3,48.7,23.7,22.2,32.2,65.6,41.9,45.3,43.8,48,30.4,33.4,68.7,-14.1
2010,32,WAC,MID,280,152,128,54.28571429,3.9,105.9,102,0.607,51.5,50,18.9,18.3,33.1,67.9,36.4,32.1,50.3,48.4,36.1,35.7,67.7,-7.1
2010,33,WCC,MID,238,120,118,50.42016807,2.9,104.2,101.3,0.5803,50.1,49.8,19.9,18.8,32.6,68.7,39.7,37.9,47.9,48,36.5,35.8,67.3,-7.4
2009,1,A10,MID,435,235,200,54.02298851,5,104,99,0.638,49.8,48.5,20.1,20.2,33,67.3,36.1,35.2,48.9,47.2,34.5,34.1,67,-6
2009,2,ACC,HIGH,376,242,134,64.36170213,15.8,110,94.2,0.856,50.1,47,20.1,20.8,37,66.3,37,32.1,49.2,45.7,34.8,33.1,68.7,0.8
2009,3,AE,LOW,273,134,139,49.08424908,-5.2,98,103.2,0.3547,47.8,49.1,20.4,20.6,31.6,67.8,36.3,38.4,46.9,48.6,33.1,33.4,66,-10.7
2009,5,ASun,MID,328,146,182,44.51219512,-6.3,97.5,103.8,0.3285,48.1,49.7,22,21.3,33.8,66.1,36.6,37.8,46.9,48.5,33.6,34.6,67.9,-11.4
2009,6,B10,HIGH,350,215,135,61.42857143,14.4,108.4,94,0.8375,51.1,48.2,20,21.3,31.7,68.7,33.4,31.1,49.8,47.1,35.6,33.5,64.1,0.4
2009,7,B12,HIGH,383,239,144,62.40208877,15,109.6,94.6,0.845,51.5,48,19,20.9,32.4,68.4,39.6,37,50.2,46.3,36,34.3,67.8,0.2
2009,8,BE,HIGH,513,310,203,60.4288499,15.3,109.6,94.3,0.8504,49.8,47.4,19.3,20.1,36.1,66.3,36.2,31.8,49.5,46.7,33.7,32.6,67.5,0.3
2009,9,BSky,MID,258,111,147,43.02325581,-4.8,99.8,104.6,0.368,50.6,51.6,21,19.5,29.8,69.5,36.4,37.8,48.6,49.9,36.2,36.6,65.6,-10.7
2009,10,BSth,LOW,279,120,159,43.01075269,-8.3,97.2,105.5,0.2815,49.2,50.7,21.4,20.4,32.2,66.1,32.9,33.2,48.6,50.2,33.4,34.4,68.1,-11.4
2009,11,BW,LOW,268,126,142,47.01492537,-1.9,101.2,103.1,0.4487,50.4,51.1,20.6,21,31.2,67.9,34.4,36.9,48.5,49.8,35.9,35.8,66.4,-10.1
2009,12,CAA,LOW,377,191,186,50.66312997,-0.6,100.3,100.9,0.4831,47.7,48.3,19.9,19.9,33.4,67.4,35,34.9,47,47.5,32.8,33.2,65.7,-9.1
2009,13,CUSA,MID,372,198,174,53.22580645,6,104.6,98.6,0.6644,48.7,48.2,18.7,19.9,32.7,68.4,37.9,37.8,47.8,47.1,33.8,33.8,66.8,-5.6
2009,14,Horz,LOW,302,155,147,51.32450331,2.1,101,98.9,0.5603,47.3,47.6,20.7,21.4,33.3,66.4,37,38.1,45.4,45.8,34,34,65.5,-7.2
2009,35,ind,LOW,320,95,225,29.6875,-17.1,90.8,107.9,0.1213,45.9,52,22.6,22,30.1,64.8,33.9,41.4,45,51.5,31.7,35.5,68.4,-13.8
2009,15,Ivy,MID,219,95,124,43.37899543,-8,95.8,103.8,0.2846,48.7,48.8,21.6,20.7,29.1,68.9,36.1,36.7,47.4,47.5,34.3,34.4,65.8,-11.7
2009,16,MAAC,LOW,317,160,157,50.47318612,-0.9,99.4,100.3,0.472,47.2,47.5,21,21.3,33.6,65.7,38.1,37.8,46.1,46.6,32.9,32.9,67.6,-9.3
2009,17,MAC,MID,373,167,206,44.77211796,-2.9,97.1,100,0.4159,47.2,47.9,21.9,22,33,67.2,36.4,39.7,46,47,33.1,33.2,65.2,-11
2009,18,MEAC,LOW,334,134,200,40.11976048,-13.8,91.7,105.5,0.1663,45.8,48.7,23.1,22.4,33.7,64.2,35.5,37.7,45,48.3,31.8,33,66.4,-13.6
2009,19,MVC,MID,314,170,144,54.14012739,4.5,103.3,98.8,0.625,49.4,48.9,20.6,21,31.1,69.2,39.1,37.2,47.8,47.5,34.9,34.4,65.1,-6.5
2009,20,MWC,MID,275,158,117,57.45454545,9.4,106.4,97,0.7423,51.3,48.8,19.6,20.1,29.3,71.1,40.7,37.4,49.8,47.5,36,34.1,66.1,-3.5
2009,21,NEC,LOW,338,151,187,44.67455621,-9.9,96.3,106.2,0.2453,49.4,50,22.3,21.1,33.2,66.4,35.5,35.7,48.1,48.8,34.8,35.1,67,-12.9
2009,22,OVC,LOW,287,129,158,44.94773519,-5.6,100.5,106.1,0.3499,49.9,50.9,20.5,20,34.2,65.5,36.3,37.5,48.6,49.9,35,35.3,67.2,-11.1
2009,23,P10,HIGH,320,191,129,59.6875,16.1,110.9,94.8,0.8582,52,49.3,19.7,20.3,33.6,68.9,35.9,32.9,50.3,47.9,37.2,34.9,65.6,0.5
2009,25,Pat,LOW,242,112,130,46.28099174,-8.2,93.9,102.1,0.2771,46.9,47.2,21.9,21.1,30.1,69.1,34.8,38.4,45.4,46.2,33.2,32.9,66.5,-12.3
2009,26,SB,MID,394,191,203,48.47715736,-4.1,99.8,103.9,0.387,49.2,49.7,20.5,19.7,32.4,67.7,38,38.2,47.9,48.2,34.6,35.3,66.1,-10.2
2009,27,SC,MID,361,164,197,45.42936288,-7.1,99.4,106.5,0.3117,50.1,51.3,20.8,20.2,32.8,66.3,35.7,36.8,48.8,50.2,34.9,35.6,66.9,-11.3
2009,28,SEC,HIGH,382,231,151,60.47120419,10.9,106.9,96,0.7767,50.3,47.6,20.1,20.8,34.7,67.2,36.5,33.2,49.6,46,34.5,33.8,68.8,-2.4
2009,29,Slnd,LOW,325,148,177,45.53846154,-3.8,98.4,102.2,0.3937,48.2,49.4,21.4,21.1,32.5,67.8,38.1,41.4,47.6,48.6,33,34,68,-9.6
2009,30,Sum,LOW,298,129,169,43.2885906,-2.8,101.5,104.3,0.423,50.1,51.4,20,19.9,31.3,67.7,35.6,36.6,48.5,50.6,35.8,35.4,65.9,-10.3
2009,31,SWAC,LOW,295,102,193,34.57627119,-16.6,91.3,107.9,0.1274,46,50.4,22.9,21.5,32.9,64.8,37.4,41.6,45.8,50,31.1,34.3,68.6,-14.3
2009,32,WAC,MID,277,149,128,53.79061372,2.2,102.8,100.6,0.5622,50.4,48.8,20.5,19.9,33.5,66.7,38.5,35,49.4,47.4,35,34.7,66.4,-7.5
2009,33,WCC,MID,239,114,125,47.69874477,1.3,100.9,99.6,0.5353,48.6,48.9,20.9,20.3,32.6,67.7,34.9,36.2,46.8,46.9,34.9,35.3,66.3,-7.5
2008,1,A10,MID,431,242,189,56.14849188,7.5,106.1,98.6,0.7003,51.3,49.6,20.5,21.1,32.6,67.3,37.9,35.2,49.7,47.9,36,35.2,67.6,-4.2
2008,2,ACC,HIGH,380,235,145,61.84210526,15.7,110.1,94.4,0.8554,50.9,48.2,20.7,21.3,35.6,66.8,37.9,33.1,49.6,46.8,36,34.1,69.6,0.7
2008,3,AE,LOW,274,121,153,44.16058394,-6.9,98.1,105,0.3142,48.9,50.5,20.8,21.1,32.5,67.2,35,37.7,46.5,48.1,35.6,36.4,66.8,-12.4
2008,5,ASun,MID,359,149,210,41.50417827,-9.6,96,105.6,0.2506,48.5,50.8,22.5,22.3,33.6,65.1,37.6,39.4,47.5,49.9,33.6,35,69.6,-12.7
2008,6,B10,HIGH,354,203,151,57.34463277,13.1,107.1,94,0.8172,50.1,48.1,20.7,21.8,34,68.1,34.2,32,48.9,46.3,34.7,34.1,65.2,-1.2
2008,7,B12,HIGH,378,231,147,61.11111111,16.5,110.1,93.6,0.8658,51,47.5,19.2,21.1,33.1,68.3,37.1,34,50.1,45.3,35.2,34.6,67.4,0.7
2008,8,BE,HIGH,506,299,207,59.09090909,13.6,109,95.4,0.821,50.2,48,19.7,20.6,35.6,66.8,37,34.1,48.9,46,35.2,34.6,67.7,-0.6
2008,9,BSky,MID,254,112,142,44.09448819,-6.2,98.9,105.1,0.3333,50.5,51.9,21.9,20.9,30.8,68.7,38,39.2,48.6,50.1,35.9,36.7,67,-10.3
2008,10,BSth,LOW,219,99,120,45.20547945,-6.9,99.4,106.3,0.3173,50.9,51.6,20.4,19.7,31.2,67.4,32.2,32.5,49.7,50.7,35.3,35.4,67.8,-10.3
2008,11,BW,LOW,271,133,138,49.07749077,-4.4,99.2,103.6,0.3776,51.1,52,21.5,22.1,29.4,68.9,35.4,38.2,49.6,51.1,35.9,35.6,67.3,-9.7
2008,12,CAA,LOW,375,186,189,49.6,-1.2,99.8,101,0.4658,48.8,48.7,21.4,21.1,32.9,67.3,35.2,35.2,47.6,47.8,34.1,33.7,66,-9.5
2008,13,CUSA,MID,366,197,169,53.82513661,5.4,103.6,98.2,0.6481,49.2,48.1,20.7,21.3,33.5,67.4,40,38.9,47.8,46.6,34.5,34.1,67.9,-5.6
2008,14,Horz,LOW,303,156,147,51.48514851,2.9,102.8,99.9,0.5813,49.4,49.8,19.9,20.5,30.6,68.8,34.4,35,47.4,48.4,35.5,34.8,65.5,-6.8
2008,35,ind,LOW,272,73,199,26.83823529,-16.5,92,108.5,0.1313,46.6,53.3,24,21.9,31.3,64.6,33.4,38.3,43.9,52.4,34.3,36.8,67.7,-11.9
2008,15,Ivy,MID,224,100,124,44.64285714,-8.5,97.6,106.1,0.277,50.3,51.2,21.7,20.4,29.6,68.2,35.6,36.5,49.6,50.4,34.5,35.4,66.4,-11
2008,16,MAAC,LOW,313,151,162,48.2428115,-3.1,100.7,103.8,0.4152,49.5,49.9,20.6,20.4,34.5,65.3,36.3,37.6,47.4,48.1,35.6,35.5,67.8,-10.5
2008,17,MAC,MID,369,179,190,48.50948509,1.4,101.5,100.1,0.5399,49,49.8,22,22.2,34,66.2,37.9,40,47.8,48.6,34.2,34.6,66.3,-8.1
2008,18,MEAC,LOW,336,136,200,40.47619048,-14.8,91.9,106.7,0.1519,46.5,49.9,23.1,22.2,33.9,63.8,36.6,37.9,45.8,49.2,32,34.2,66.7,-13.4
2008,19,MVC,MID,308,169,139,54.87012987,8.3,105.6,97.3,0.7178,50.2,49.4,20.9,21.7,32.4,68.9,37,36.3,48.3,47.2,35.6,35.5,65.1,-4.2
2008,20,MWC,MID,274,154,120,56.20437956,6.8,103.8,97,0.6842,50.7,48.4,20,20.7,29.2,70.8,36.6,35.4,48.7,46.9,36,34,66.4,-4.6
2008,21,NEC,LOW,334,156,178,46.70658683,-8,97.2,105.2,0.2865,49.2,50.4,21.4,21.1,32.7,67.2,33.6,34.3,48,49.8,34.3,34.4,68,-12.2
2008,22,OVC,LOW,322,137,185,42.54658385,-10.6,97.8,108.4,0.2357,51.4,52.9,21.4,21.1,31,67,36.3,37.6,50,51.2,35.8,37.1,67.3,-14.1
2008,23,P10,HIGH,317,194,123,61.19873817,16.6,111.1,94.5,0.8647,51.7,48.6,19.2,19.8,33.9,69,37,32.5,50.5,47.1,36.3,34.4,66.2,1.4
2008,25,Pat,LOW,243,125,118,51.44032922,-4.6,97.5,102.1,0.3717,49.4,48.3,23.1,22.8,32.5,66.3,37.5,40.1,46.8,46,36.2,35,66.4,-10.3
2008,26,SB,MID,383,189,194,49.34725849,-2.2,100.7,102.9,0.4357,50.6,50.7,21.9,21.7,32,67.1,40.3,40,48.9,49.2,36,35.7,67.3,-9.1
2008,27,SC,MID,329,154,175,46.80851064,-1.6,101.1,102.7,0.455,50.5,50.9,21,20.4,32,67.6,31.6,33,48.9,49.6,35.3,35.3,67.2,-8.2
2008,28,SEC,HIGH,380,231,149,60.78947368,12.2,108.8,96.6,0.7966,51.7,48.8,19.8,20.6,34.9,66.9,33.5,32.4,51,47.7,35.4,33.8,68.4,-1.4
2008,29,Slnd,LOW,326,155,171,47.54601227,-5.6,96.4,102,0.3431,48.3,49.4,23.5,22.7,33.5,67.1,39.1,41.8,47.2,47.9,33.6,34.9,68.6,-9.5
2008,30,Sum,LOW,291,132,159,45.36082474,-2.1,101.7,103.8,0.4413,50.1,51.1,20.7,20.4,32.4,67.3,39.7,40.2,47.8,49.3,36.7,36.8,67.3,-9.5
2008,31,SWAC,LOW,288,105,183,36.45833333,-18.6,89.9,108.5,0.1026,45.9,49.7,22.6,21.1,31.5,65.9,36.4,40.2,44.2,48.4,33,34.9,68.5,-14.4
2008,32,WAC,MID,281,136,145,48.39857651,-2.5,101.4,103.9,0.432,50.9,50.7,20.7,20,32,67.9,35.5,34.8,49.8,49.4,35.6,35.8,68.5,-9.8
2008,33,WCC,MID,246,114,132,46.34146341,-1,99.6,100.6,0.4711,49.7,50.6,22.6,21.8,32.3,68.5,35.8,35.6,49.1,49.2,34,35.8,67.9,-8.7