YEAR,TEAM NO,TEAM,SEED,ROUND,POWER,PATH,DRAW,WINS,POOL VALUE,POOL S-RANK,NCAA S-RANK
2022,943,Akron,13,64,53,81,-0.89,0,1.4,57,52
2022,942,Alabama,6,64,74.9,69.9,0.45,0,21,17,21
2022,941,Arizona,1,16,84.1,64.9,0.88,2,56.5,10,2
2022,940,Arkansas,4,8,74,69.2,-0.64,3,19.8,18,16
2022,939,Auburn,2,32,82.8,62.7,2.34,1,79.9,2,5
2022,938,Baylor,1,32,85.8,67.1,-0.8,1,65.7,7,4
2022,937,Boise St.,8,64,65.2,79,-1.82,0,4.6,49,29
2022,935,Cal St. Fullerton,15,64,50.8,83.5,-0.19,0,1.1,62,60
2022,934,Chattanooga,13,64,59.8,77.5,-0.07,0,3.1,51,49
2022,933,Colgate,14,64,54.6,67.3,3.06,0,5.2,43,55
2022,932,Colorado St.,6,64,63.3,73.3,-0.61,0,5.3,42,24
2022,931,Connecticut,5,64,71.1,68.6,0.72,0,15.7,22,17
2022,930,Creighton,9,32,62.9,72.5,0.6,1,5.7,40,33
2022,929,Davidson,10,64,62.2,71.7,0.76,0,5.9,39,40
2022,928,Delaware,15,64,52,79.3,1.01,0,1.6,55,57
2022,927,Duke,2,4,85,64.9,0.97,4,76.1,3,8
2022,926,Georgia St.,16,64,52.9,89.8,-0.75,0,0.8,64,61
2022,925,Gonzaga,1,16,90,66.6,-0.42,2,75.2,4,1
2022,924,Houston,5,8,83.9,70.1,0.01,3,58.8,9,18
2022,923,Illinois,4,32,77.9,70,-1.12,1,27.3,15,14
2022,922,Indiana,12,64,65.9,72.4,0.95,0,8,31,43
2022,921,Iowa,5,64,78.4,62.9,3.41,0,51.3,12,20
2022,920,Iowa St.,11,16,62.4,70.5,1.52,2,7.9,32,41
2022,919,Jacksonville St.,15,64,53.1,81.1,0.49,0,1.8,54,59
2022,918,Kansas,1,1,85.2,63.3,2.1,6,80.4,1,3
2022,917,Kentucky,2,64,86.9,67.5,-0.65,0,69.7,5,6
2022,916,Longwood,14,64,52.7,80.6,-0.63,0,1.5,56,53
2022,915,Loyola Chicago,10,64,67.7,72,0.66,0,8.1,30,39
2022,914,LSU,6,64,70.9,65.6,1.78,0,24.4,16,22
2022,913,Marquette,9,64,61.8,74.6,-0.03,0,4.7,46,35
2022,912,Memphis,9,32,74,72.5,0.6,1,16.2,21,36
2022,911,Miami FL,10,8,57.9,70,1.33,3,4.7,47,38
2022,910,Michigan,11,16,70.7,68.7,2.2,2,15.5,23,42
2022,909,Michigan St.,7,32,66.4,71.2,0.4,1,8.2,29,27
2022,908,Montana St.,14,64,53.7,78.5,-0.05,0,2,53,56
2022,907,Murray St.,7,32,66.7,76.1,-1.27,1,5,45,26
2022,906,New Mexico St.,12,32,59.7,72.6,0.89,1,5.4,41,48
2022,905,Norfolk St.,16,64,51.7,85.6,0.34,0,1.1,60,62
2022,904,North Carolina,8,2,69.8,71,1.01,5,10.5,28,30
2022,903,Notre Dame,11,32,63.5,76,-0.56,1,5.1,44,45
2022,902,Ohio St.,7,32,73.3,68.9,1.19,1,19.1,20,28
2022,901,Providence,4,16,62.6,68.1,0.02,2,6.8,37,15
2022,900,Purdue,3,16,83.7,67.2,0.13,2,55.2,11,11
2022,899,Richmond,12,32,55.8,74.5,0.27,1,3,52,47
2022,897,Saint Mary's,5,32,69,72.8,-1.26,1,7.6,34,19
2022,896,Saint Peter's,15,8,54.1,85.5,-0.76,3,1.2,58,58
2022,895,San Diego St.,8,64,67.5,70.7,1.12,0,11.3,27,31
2022,894,San Francisco,10,64,69.9,72.7,0.42,0,11.3,26,37
2022,893,Seton Hall,8,64,63.8,71.5,0.83,0,6.9,36,32
2022,892,South Dakota St.,13,64,59.4,64.4,3.01,0,7.9,33,50
2022,891,TCU,9,32,63.7,69.9,1.39,1,7.2,35,34
2022,890,Tennessee,3,32,82.1,63.8,2.3,1,60.2,8,10
2022,889,Texas,6,32,76.2,73.1,-0.54,1,19.2,19,23
2022,887,Texas Southern,16,64,50.8,85,0.49,0,1.1,63,64
2022,886,Texas Tech,3,16,79.4,66.5,0.58,2,36.1,14,12
2022,885,UAB,12,64,63.8,81,-1.85,0,3.4,50,46
2022,884,UCLA,4,16,83.9,65.2,1.75,2,65.9,6,13
2022,883,USC,7,64,65.8,67.2,1.77,0,12.6,24,25
2022,882,Vermont,13,64,62,73,0.99,0,6,38,51
2022,881,Villanova,2,4,80,66.9,-0.28,4,41,13,7
2022,880,Virginia Tech,11,64,67.1,77.8,-1.24,0,4.6,48,44
2022,879,Wisconsin,3,32,67.4,64.8,1.67,1,12.3,25,9
2022,878,Wright St.,16,64,50.2,83.8,0.8,0,1.2,59,63
2022,876,Yale,14,64,50.9,82.6,-1.19,0,1.1,61,54
2021,875,Abilene Christian,14,32,59.9,77.7,0.17,1,4,48,53
2021,874,Alabama,2,16,80.8,67.2,-0.47,2,45.7,8,5
2021,872,Arkansas,3,8,76.9,69.3,-1.21,3,30.8,15,9
2021,871,Baylor,1,1,89.1,66.8,-0.57,6,91.2,1,2
2021,870,BYU,6,64,70,71.4,-0.02,0,13.1,28,23
2021,869,Clemson,7,64,64.9,73.7,-0.45,0,5.9,40,27
2021,868,Cleveland St.,15,64,51.6,84.6,-0.51,0,1.1,60,58
2021,867,Colgate,14,64,60.9,76.5,0.51,0,4.4,47,55
2021,866,Colorado,5,32,70.9,70.2,-0.03,1,15,25,20
2021,865,Connecticut,7,64,75.2,73.8,-0.49,0,20.1,21,26
2021,864,Creighton,5,16,78,71.1,-0.46,2,24.9,17,17
2021,863,Drake,11,64,64.3,77.6,-1.17,0,5.2,42,46
2021,862,Drexel,16,64,51.9,87.4,-0.13,0,0.9,61,61
2021,861,Eastern Washington,14,64,55.8,76.5,0.51,0,2.7,53,56
2021,860,Florida,7,32,70.7,69.7,0.92,1,18,23,28
2021,859,Florida St.,4,16,81.7,66.9,0.74,2,55.6,7,13
2021,858,Georgetown,12,64,61.1,73.4,0.63,0,4.4,46,45
2021,857,Georgia Tech,9,64,66.8,77.3,-0.84,0,5.7,41,34
2021,856,Gonzaga,1,2,92.3,65.6,0.34,5,82.5,3,1
2021,855,Grand Canyon,15,64,58,84.9,-0.59,0,1.8,58,57
2021,854,Hartford,16,64,48.3,88.9,-0.52,0,0.6,63,62
2021,853,Houston,2,4,86.2,65.2,0.78,4,91,2,8
2021,852,Illinois,1,32,87.6,67.3,-0.95,1,69.1,5,3
2021,851,Iona,15,64,51.3,80.2,0.75,0,1.5,59,60
2021,850,Iowa,2,32,86.2,69.5,-1.9,1,66.9,6,7
2021,849,Kansas,3,32,77,69,-1.02,1,23.8,19,12
2021,848,Liberty,13,64,57.5,73.8,0.8,0,3.6,49,51
2021,847,Loyola Chicago,8,16,73.4,74.2,-0.12,2,14.4,26,30
2021,846,LSU,8,32,71.7,75.9,-0.72,1,9.9,32,29
2021,845,Maryland,10,32,70,76.2,-0.76,1,9.6,33,36
2021,844,Michigan,1,8,85.5,66.2,-0.11,3,69.8,4,4
2021,842,Missouri,9,64,61.9,74.1,0.12,0,4.4,45,33
2021,841,Morehead St.,14,64,53.4,77.7,0.17,0,2.1,56,54
2021,839,Norfolk St.,16,64,48.2,92,-1.33,0,0.5,64,64
2021,838,North Carolina,8,64,74.4,78.9,-1.78,0,11.3,30,31
2021,837,North Texas,13,32,60.8,73.7,0.82,1,5,44,50
2021,836,Ohio,13,32,60.4,79.8,-0.61,1,2.6,54,49
2021,835,Ohio St.,2,64,78.3,65.7,0.47,0,37.9,9,6
2021,834,Oklahoma,8,32,66.4,73.3,0.2,1,6.5,37,32
2021,833,Oklahoma St.,4,32,74.2,68.1,0.02,1,19.4,22,15
2021,832,Oral Roberts,15,16,50.4,77.5,1.52,2,1.8,57,59
2021,831,Oregon,7,16,73.3,74.1,-0.59,2,13.7,27,25
2021,830,Oregon St.,12,8,57.1,76.6,-0.42,3,2.7,52,44
2021,829,Purdue,4,64,73.9,70,-1.12,0,17.9,24,14
2021,828,Rutgers,10,32,66.7,71,0.99,1,9.2,36,40
2021,827,San Diego St.,6,64,74.2,70,0.42,0,20.8,20,24
2021,826,St. Bonaventure,9,64,70.9,75.6,-0.33,0,10.6,31,39
2021,825,Syracuse,11,16,64,75.4,-0.33,2,5.1,43,41
2021,824,Tennessee,5,64,77.8,66.9,1.52,0,37.2,12,19
2021,823,Texas,3,64,78.7,68.7,-0.83,0,35.5,14,11
2021,822,Texas Southern,16,64,46.9,85.3,0.41,0,0.7,62,63
2021,821,Texas Tech,6,32,76.2,71.7,-0.11,1,24.9,18,22
2021,820,UC Santa Barbara,12,64,60.8,78.6,-1.07,0,3,51,48
2021,819,UCLA,11,4,66.3,73.1,0.54,4,9.3,35,43
2021,818,UNC Greensboro,13,64,57.6,79.2,-0.47,0,2.5,55,52
2021,817,USC,6,8,77.7,70.2,0.35,3,27.9,16,21
2021,816,Utah St.,11,64,68.4,76,-0.56,0,9.6,34,42
2021,815,VCU,10,64,66.7,76.5,-0.86,0,6.4,38,38
2021,814,Villanova,5,16,78,68.2,0.91,2,37.2,11,18
2021,813,Virginia,4,64,81.5,70.5,-1.42,0,37.4,10,16
2021,812,Virginia Tech,10,64,63.2,72.9,0.35,0,6.3,39,37
2021,811,West Virginia,3,32,78.5,66.8,0.39,1,35.9,13,10
2021,809,Winthrop,12,64,59.1,77,-0.55,0,3.2,50,47
2021,808,Wisconsin,9,32,74.4,78.3,-1.14,1,12.1,29,35
2019,807,Abilene Christian,15,64,51.5,85.6,-0.79,0,1,59,60
2019,806,Arizona St.,11,64,61.6,75.3,-0.3,0,4.9,42,44
2019,805,Auburn,5,4,78.7,70.5,-0.17,4,27.8,14,18
2019,804,Baylor,9,32,64.3,76.6,-0.63,1,4.8,43,35
2019,803,Belmont,11,64,63.7,74.7,-0.07,0,5.8,38,42
2019,802,Bradley,15,64,50,84.6,-0.51,0,0.9,60,59
2019,801,Buffalo,6,32,72.5,69.8,0.48,1,15.2,22,23
2019,800,Cincinnati,7,64,69.4,72.6,-0.08,0,9.4,28,27
2019,799,Colgate,15,64,53.8,85.5,-0.76,0,1.2,58,58
2019,798,Duke,1,8,90.9,65.2,0.65,3,60.9,6,1
2019,797,Fairleigh Dickinson,16,64,47.3,90.5,-0.94,0,0.5,63,63
2019,796,Florida,10,32,67.1,75.4,-0.49,1,6.6,34,40
2019,795,Florida St.,4,16,80.4,67.5,0.38,2,38.7,11,14
2019,794,Gardner Webb,16,64,49.7,91.9,-1.3,0,0.6,62,61
2019,793,Georgia St.,14,64,54.5,77.7,0.17,0,2.2,54,55
2019,792,Gonzaga,1,8,90.8,65.6,0.34,3,103.4,2,4
2019,791,Houston,3,16,78.6,66.6,0.51,2,32.9,13,9
2019,790,Iona,16,64,47.4,87.1,-0.05,0,0.7,61,62
2019,789,Iowa,10,32,63.2,74.3,-0.12,1,5.3,40,37
2019,788,Iowa St.,6,64,74.1,69.5,0.57,0,18.2,19,24
2019,787,Kansas,4,32,76.6,68.6,-0.28,1,24.2,16,13
2019,786,Kansas St.,4,64,74.9,70.9,-1.66,0,18.7,17,15
2019,785,Kentucky,2,8,87.2,65.6,0.53,3,76.5,3,7
2019,784,Liberty,12,32,59.2,75.6,-0.09,1,3.4,49,48
2019,783,Louisville,7,64,69.9,71.1,0.44,0,11.1,26,25
2019,782,LSU,3,16,76.4,68.2,-0.51,2,24.6,15,11
2019,781,Marquette,5,64,69.1,73.2,-1.45,0,9,30,17
2019,780,Maryland,6,32,73.3,69.6,0.54,1,18.4,18,22
2019,779,Michigan,2,16,84,68.1,-1.03,2,49.5,8,8
2019,778,Michigan St.,2,4,86.1,65,0.91,4,71.9,4,6
2019,777,Minnesota,10,32,61.8,74,-0.02,1,4.8,45,39
2019,776,Mississippi,8,64,64.6,73.5,0.13,0,6.1,37,31
2019,775,Mississippi St.,5,64,73.7,69.9,0.11,0,16,21,20
2019,774,Montana,15,64,54.5,82.9,-0.02,0,1.6,57,57
2019,773,Murray St.,12,32,66.5,72.3,0.98,1,7.7,32,45
2019,772,Nevada,7,64,72.4,73.6,-0.42,0,13.5,24,26
2019,771,New Mexico St.,12,64,63.9,77.6,-0.74,0,4.7,46,47
2019,770,North Carolina,1,16,87.3,65.6,0.34,2,58.6,7,3
2019,768,North Dakota St.,16,64,46.8,90.6,-0.96,0,0.5,64,64
2019,767,Northeastern,13,64,56.5,76.1,0.26,0,2.8,51,52
2019,766,Northern Kentucky,14,64,56.6,80.1,-0.49,0,2.3,53,56
2019,765,Ohio St.,11,32,62.6,75.5,-0.37,1,4.8,44,41
2019,764,Oklahoma,9,32,62.6,72.8,0.51,1,5.1,41,36
2019,763,Old Dominion,14,64,55.6,79.6,-0.36,0,2.1,55,54
2019,762,Oregon,12,16,70.4,74,0.43,2,10.7,27,46
2019,760,Purdue,3,8,80.4,68.4,-0.64,3,36.9,12,12
2019,759,Saint Louis,13,64,56.4,79.6,-0.57,0,2,56,51
2019,758,Saint Mary's,11,64,67.1,77.2,-1.02,0,6.5,35,43
2019,757,Seton Hall,10,64,60.3,75.6,-0.56,0,3.3,50,38
2019,755,Syracuse,8,64,70.9,73.9,-0.02,0,9.3,29,30
2019,753,Tennessee,2,16,87,67.1,-0.4,2,68.2,5,5
2019,752,Texas Tech,3,2,81.4,67.6,-0.12,5,43.6,9,10
2019,751,UC Irvine,13,32,61,74.7,0.59,1,4.6,47,49
2019,750,UCF,9,32,66,74,0.15,1,5.6,39,34
2019,749,Utah St.,8,64,67.6,73.6,0.09,0,8.1,31,32
2019,748,VCU,8,64,67,75,-0.4,0,6.7,33,29
2019,747,Vermont,13,64,56.3,78.4,-0.28,0,2.4,52,50
2019,746,Villanova,6,32,76,72.5,-0.36,1,16.5,20,21
2019,745,Virginia,1,1,92.2,65.1,0.73,6,121.2,1,2
2019,744,Virginia Tech,4,16,81.9,67.5,0.38,2,43.2,10,16
2019,743,Washington,9,32,65.5,73.5,0.3,1,6.4,36,33
2019,742,Wisconsin,5,64,72.9,74.2,-1.92,0,12.5,25,19
2019,741,Wofford,7,32,71.8,70.7,0.57,1,14.5,23,28
2019,740,Yale,14,64,58.4,75.7,0.73,0,3.6,48,53
2018,739,Alabama,9,32,64.5,73.4,0.33,1,4.7,41,36
2018,738,Arizona,4,64,80.7,69.5,-0.82,0,41.6,10,16
2018,736,Arkansas,7,64,64.5,73,-0.21,0,5.4,40,26
2018,735,Auburn,4,32,72.8,64.9,1.93,1,13.5,24,13
2018,734,Bucknell,14,64,56.3,85,-1.86,0,1.5,58,55
2018,733,Buffalo,13,32,59.9,79.4,-0.52,1,2.9,50,51
2018,732,Butler,10,32,67.9,69.7,1.43,1,13.1,26,33
2018,731,Cal St. Fullerton,15,64,50.7,80.5,0.66,0,1.4,59,61
2018,730,Cincinnati,2,32,87.7,66.6,-0.09,1,106.6,2,8
2018,729,Clemson,5,16,69.6,69.2,0.44,2,16.3,22,19
2018,728,College of Charleston,13,64,53.3,72.1,1.2,0,3.4,48,53
2018,727,Creighton,8,64,68.2,70.4,1.22,0,13.2,25,30
2018,726,Davidson,12,64,62.1,79.6,-1.4,0,3.3,49,48
2018,725,Duke,2,8,89.6,64.7,1.09,3,116.8,1,6
2018,724,Florida,6,32,73.8,67.7,1.13,1,22.3,19,21
2018,723,Florida St.,9,8,67.1,71,1.06,3,11.4,27,38
2018,722,Georgia St.,15,64,56.5,86.1,-0.93,0,1.5,57,60
2018,721,Gonzaga,4,16,82.1,66.1,1.22,2,44.2,8,15
2018,720,Houston,6,32,73.7,68.8,0.79,1,22.1,20,23
2018,719,Iona,15,64,51.2,87.7,-1.39,0,0.8,63,62
2018,718,Kansas,1,4,82.9,66.7,-0.49,4,65,6,3
2018,717,Kansas St.,9,8,61.8,72.8,0.51,3,4.1,42,34
2018,716,Kentucky,5,16,80.8,70.2,-0.03,2,43.3,9,17
2018,715,Lipscomb,15,64,49.7,80.3,0.72,0,1.3,60,59
2018,713,Loyola Chicago,11,4,64,72.4,0.8,4,8.1,34,46
2018,712,Marshall,13,32,54.1,78.3,-0.26,1,1.9,55,54
2018,711,Miami FL,6,64,70.5,69.1,0.7,0,14.6,23,22
2018,710,Michigan,3,2,77.6,66.8,0.39,5,34,15,11
2018,709,Michigan St.,3,32,87,66.4,0.64,1,72.3,4,9
2018,708,Missouri,8,64,68.1,71.2,0.94,0,11,30,32
2018,707,Montana,14,64,59.6,76.8,0.42,0,4.1,44,56
2018,706,Murray St.,12,64,62.7,77.8,-0.81,0,3.9,46,50
2018,705,Nevada,7,16,69,73.3,-0.32,2,9.8,31,27
2018,704,New Mexico St.,12,64,64.5,70.5,1.57,0,9,32,47
2018,703,North Carolina,2,32,81.4,63.7,1.72,1,69.8,5,5
2018,701,North Carolina St.,9,64,62.8,73.2,0.39,0,6.8,36,37
2018,700,Ohio St.,5,32,75.3,67.4,1.29,1,31.6,16,20
2018,699,Oklahoma,10,64,63.4,72,0.66,0,5.9,38,40
2018,698,Penn,16,64,54,82.7,1.09,0,1.8,56,64
2018,697,Providence,10,64,58.8,73.8,0.05,0,3.9,47,35
2018,696,Purdue,2,16,81.7,65,0.91,2,53.4,7,7
2018,695,Radford,16,64,50.6,88.5,-0.42,0,0.8,64,65
2018,694,Rhode Island,7,32,64.8,73.2,-0.28,1,5.5,39,28
2018,693,San Diego St.,11,64,62.8,74.5,0.01,0,6.1,37,45
2018,692,Seton Hall,8,32,69.1,70.4,1.22,1,11.2,28,29
2018,691,South Dakota St.,12,64,57.8,75.8,-0.16,0,2.9,51,49
2018,690,St. Bonaventure,11,64,59.9,75.1,-0.22,0,4,45,42
2018,689,Stephen F. Austin,14,64,54.8,77.9,0.12,0,2.3,54,58
2018,688,Syracuse,11,16,62.1,75,-0.18,2,4.1,43,44
2018,687,TCU,6,64,70.2,71.4,-0.02,0,11.1,29,24
2018,686,Tennessee,3,32,74.8,65.7,1.09,1,25.6,18,10
2018,685,Texas,10,64,65.7,73.7,0.08,0,7.4,35,39
2018,684,Texas A&M,7,16,71.6,67.8,1.57,2,19.5,21,25
2018,683,Texas Southern,16,64,44.9,77.2,2.51,0,1.2,61,68
2018,682,Texas Tech,3,8,79,66.4,0.64,3,37.8,13,12
2018,680,UMBC,16,32,48.3,83.2,0.96,1,1,62,63
2018,679,UNC Greensboro,13,64,58.2,79.5,-0.54,0,2.6,52,52
2018,678,Villanova,1,1,88.8,66,0.04,6,90.9,3,2
2018,677,Virginia,1,64,83.4,65.9,0.12,0,39,11,1
2018,676,Virginia Tech,8,64,66.9,73.4,0.16,0,8.4,33,31
2018,675,West Virginia,5,16,78.3,70.5,-0.17,2,28.1,17,18
2018,674,Wichita St.,4,64,79.5,67.4,0.44,0,37,14,14
2018,673,Wright St.,14,64,51.7,74.1,1.17,0,2.5,53,57
2018,672,Xavier,1,32,77.3,64.8,0.95,1,38.2,12,4
2017,671,Arizona,2,16,83.6,66.9,-0.28,2,44.7,12,6
2017,670,Arkansas,8,32,65.6,71.5,0.83,1,8.6,33,31
2017,669,Baylor,3,16,80.8,68.8,-0.89,2,38.5,15,12
2017,668,Bucknell,13,64,57.3,78.3,-0.26,0,2.6,52,49
2017,667,Butler,4,16,72.5,65.5,1.57,2,21.5,19,13
2017,666,Cincinnati,6,32,76,72.9,-0.48,1,18.4,23,22
2017,665,Creighton,6,64,72.6,73.8,-0.76,0,12.1,26,24
2017,664,Dayton,7,64,65.7,79.2,-2.34,0,4.4,44,28
2017,663,Duke,2,32,85.1,66.5,-0.03,1,53.3,8,7
2017,662,East Tennessee St.,13,64,60,78.8,-0.38,0,2.8,50,50
2017,661,Florida,4,8,79.7,70.4,-1.36,3,30.1,17,14
2017,660,Florida Gulf Coast,14,64,56.5,79.4,-0.3,0,2.2,54,54
2017,659,Florida St.,3,32,80.7,66.9,0.32,1,47.6,9,10
2017,658,Gonzaga,1,2,89.5,64.9,0.88,5,108.5,1,4
2017,657,Iona,14,64,53,83.4,-1.41,0,1.2,56,56
2017,656,Iowa St.,5,32,76.1,72.2,-0.97,1,18.8,22,20
2017,655,Jacksonville St.,15,64,50.5,85.4,-0.73,0,0.9,60,59
2017,654,Kansas,1,8,86,67.4,-1.03,3,57.6,6,2
2017,653,Kansas St.,11,64,67.1,77.5,-1.13,0,6.2,37,44
2017,652,Kent St.,14,64,53.3,81.6,-0.91,0,1.5,55,55
2017,651,Kentucky,2,8,86.8,66.8,-0.22,3,73.9,3,5
2017,650,Louisville,2,32,86.4,67.9,-0.9,1,71.4,4,8
2017,649,Marquette,10,64,64.6,74.4,-0.15,0,5.1,41,39
2017,648,Maryland,6,64,64.6,74.2,-0.88,0,5.4,40,23
2017,647,Miami FL,8,64,70.6,75.7,-0.65,0,9.5,32,30
2017,646,Michigan,7,16,74.1,76.8,-1.51,2,9.9,29,27
2017,645,Michigan St.,9,32,69.6,75.2,-0.21,1,8.3,34,35
2017,644,Middle Tennessee,12,32,64.5,68.8,2.13,1,9.6,31,46
2017,643,Minnesota,5,64,66.6,69.6,0.25,0,11.1,27,18
2017,642,Mount St. Mary's,16,64,46.8,86.4,0.13,0,0.6,64,64
2017,641,Nevada,12,64,64.1,77.2,-0.61,0,4.9,42,45
2017,640,New Mexico St.,14,64,58,79.9,-0.44,0,2.3,53,53
2017,638,North Carolina,1,1,86.6,64.2,1.41,6,77.7,2,3
2017,636,North Dakota,15,64,50.1,82.7,0.04,0,1,58,60
2017,635,Northern Kentucky,15,64,51.3,85.5,-0.76,0,0.9,59,57
2017,634,Northwestern,8,32,65.6,73.2,0.23,1,6.8,35,32
2017,633,Notre Dame,5,32,70.6,69.9,0.11,1,10.7,28,19
2017,632,Oklahoma St.,10,64,71.7,77.2,-1.1,0,9.7,30,37
2017,631,Oregon,3,4,84.8,67.8,-0.25,4,65,5,9
2017,630,Princeton,12,64,60.1,73.3,0.66,0,4.9,43,48
2017,628,Purdue,4,16,82.2,70.1,-1.18,2,46.7,10,16
2017,627,Rhode Island,11,32,67.2,76.2,-0.64,1,6.3,36,42
2017,626,Saint Mary's,7,32,78.3,71,0.47,1,29.4,18,25
2017,625,Seton Hall,9,64,63,71.8,0.81,0,6.2,38,34
2017,624,SMU,6,64,79.7,69.2,0.66,0,33.7,16,21
2017,623,South Carolina,7,4,70.4,72.6,-0.08,4,12.1,25,26
2017,622,South Dakota St.,16,64,48.3,89.2,-0.6,0,0.6,63,62
2017,621,Texas Southern,16,64,48.9,86.3,0.15,0,0.8,61,61
2017,620,Troy,15,64,51.8,83.8,-0.28,0,1.1,57,58
2017,619,UC Davis,16,64,47,85.8,0.28,0,0.7,62,63
2017,618,UCLA,3,16,82.6,68.4,-0.64,2,41.5,14,11
2017,617,UNC Wilmington,12,64,60.7,80.4,-1.66,0,2.6,51,47
2017,616,USC,11,32,60.9,79.3,-1.81,1,3,48,43
2017,615,Vanderbilt,9,64,63.7,72.7,0.54,0,5.5,39,33
2017,614,VCU,10,64,62.9,78.8,-1.64,0,3.2,46,40
2017,613,Vermont,13,64,61.2,80.3,-0.73,0,3,49,51
2017,612,Villanova,1,32,86.6,67.1,-0.8,1,56.7,7,1
2017,611,Virginia,5,32,81.8,70,0.06,1,41.8,13,17
2017,610,Virginia Tech,9,64,62.1,79.3,-1.44,0,3.1,47,36
2017,608,West Virginia,4,16,80.7,67.1,0.62,2,45.1,11,15
2017,607,Wichita St.,10,32,76.3,72,0.66,1,19.3,21,38
2017,606,Winthrop,13,64,55.1,71.6,1.32,0,4,45,52
2017,605,Wisconsin,8,16,76.6,71.6,0.8,2,20.7,20,29
2017,604,Xavier,11,8,70.2,70.5,1.52,3,13.7,24,41
2016,603,Arizona,6,64,80.4,76,-1.44,0,27.5,17,23
2016,602,Austin Peay,16,64,46.3,88.1,-0.31,0,0.5,64,61
2016,601,Baylor,5,64,75.7,70.6,-0.22,0,27.2,18,20
2016,600,Buffalo,14,64,52.3,76.7,0.45,0,2,56,54
2016,599,Butler,9,32,66.3,69.8,1.42,1,10.5,30,34
2016,598,Cal St. Bakersfield,15,64,57.2,82.6,0.06,0,2.3,55,58
2016,597,California,4,64,81.2,70.4,-1.36,0,38,13,14
2016,596,Chattanooga,12,64,56.4,80.8,-1.79,0,1.6,59,45
2016,595,Cincinnati,9,64,68.8,69.6,1.48,0,15.2,27,35
2016,594,Colorado,8,64,63.4,76.8,-1.04,0,4.8,43,30
2016,593,Connecticut,9,32,70.4,71,1.06,1,10.4,31,36
2016,592,Dayton,7,64,63.7,75.2,-0.97,0,4.4,44,26
2016,591,Duke,4,16,81.8,66.9,0.74,2,41.7,9,13
2016,589,Florida Gulf Coast,16,64,50.9,86.6,0.08,0,0.9,62,63
2016,588,Fresno St.,14,64,55.7,76.1,0.62,0,2.8,51,55
2016,587,Gonzaga,11,16,79.1,72.8,0.65,2,31.6,16,43
2016,586,Green Bay,14,64,53.6,76.2,0.59,0,2.5,53,53
2016,585,Hampton,16,64,47.3,85.5,0.36,0,0.8,63,62
2016,584,Hawaii,13,32,61.5,79.6,-0.57,1,3.2,48,50
2016,583,Holy Cross,16,64,42.5,75.8,2.88,0,1.1,60,64
2016,582,Indiana,5,16,80.6,69.2,0.44,2,38.2,12,17
2016,581,Iona,13,64,57.2,76.7,0.12,0,3,49,52
2016,580,Iowa,7,32,71.7,67.9,1.53,1,19.5,22,27
2016,579,Iowa St.,4,16,77.5,68.5,-0.22,2,16.3,25,16
2016,578,Kansas,1,8,88.4,65.4,0.5,3,66.9,6,1
2016,577,Kentucky,4,32,86.7,69,-0.52,1,75.8,4,15
2016,576,Little Rock,12,32,62.1,78.2,-0.94,1,3.3,47,46
2016,575,Maryland,5,16,80.1,69.4,0.34,2,38.7,11,19
2016,574,Miami FL,3,16,76.5,68,-0.38,2,23.9,19,10
2016,573,Michigan,11,64,64.1,74.5,0.01,0,7,37,41
2016,572,Michigan St.,2,64,89.4,65.8,0.41,0,118.6,1,5
2016,571,Middle Tennessee,15,32,53.6,87.5,-1.33,1,1,61,57
2016,570,North Carolina,1,2,86.8,66.5,-0.34,5,72.7,5,2
2016,569,Northern Iowa,11,32,58.4,71.3,1.22,1,5.3,41,44
2016,568,Notre Dame,6,8,73.3,69.6,0.54,3,22.3,21,22
2016,567,Oklahoma,2,4,84.2,64.8,1.03,4,91.9,2,6
2016,566,Oregon,1,8,75.9,64.2,1.41,3,33.4,14,4
2016,565,Oregon St.,7,64,62.3,72.2,0.06,0,4.9,42,28
2016,564,Pittsburgh,10,64,64.9,72.1,0.62,0,9.5,33,37
2016,563,Providence,9,32,65.3,72.5,0.6,1,5.5,40,33
2016,562,Purdue,5,64,79.6,69.6,0.25,0,40.6,10,18
2016,561,Saint Joseph's,8,32,66.6,71.7,0.76,1,9,34,32
2016,560,Seton Hall,6,64,70.2,77.7,-1.97,0,7.4,36,24
2016,559,South Dakota St.,12,64,58.6,79.7,-1.43,0,2.3,54,48
2016,557,Stephen F. Austin,14,32,64.2,77.2,0.31,1,6.6,38,56
2016,556,Stony Brook,13,64,59.8,83.8,-1.55,0,1.8,57,51
2016,555,Syracuse,10,4,67.7,71.1,0.96,4,9.7,32,39
2016,554,Temple,10,64,57.1,74.6,-0.22,0,3,50,38
2016,553,Texas,6,64,68.5,66.3,1.56,0,14,28,21
2016,552,Texas A&M,3,16,77.5,64.1,2.11,2,42.4,8,12
2016,551,Texas Tech,8,64,62.7,73.6,0.09,0,3.5,46,29
2016,549,UNC Asheville,15,64,53.1,80.8,0.58,0,1.7,58,59
2016,548,UNC Wilmington,13,64,58.5,79.7,-0.59,0,2.7,52,49
2016,547,USC,8,64,66.3,73.4,0.16,0,7.9,35,31
2016,546,Utah,3,32,76.3,69.1,-1.08,1,15.6,26,11
2016,544,VCU,10,32,65.9,68.6,1.8,1,12.1,29,40
2016,543,Villanova,2,1,81.9,66.5,-0.03,6,51.4,7,7
2016,542,Virginia,1,8,85.8,65.2,0.65,3,89,3,3
2016,541,Weber St.,15,64,55.7,74.6,2.35,0,3.7,45,60
2016,540,West Virginia,3,64,78,69.1,-1.08,0,32.3,15,9
2016,539,Wichita St.,11,32,76.8,78.3,-1.43,1,18.4,23,42
2016,538,Wisconsin,7,16,70.8,69.6,0.95,2,17.8,24,25
2016,537,Xavier,2,32,75,67.5,-0.65,1,22.7,20,8
2016,536,Yale,12,32,64.9,75.9,-0.19,1,6,39,47
2015,535,Albany,14,64,52.5,78.1,0.06,0,1.9,56,56
2015,534,Arizona,2,8,91.1,66,0.28,3,88,1,6
2015,533,Arkansas,5,32,70.1,68.9,0.58,1,10.7,26,18
2015,532,Baylor,3,64,77,70.5,-1.98,0,19.5,18,10
2015,531,Belmont,15,64,52,88.2,-1.53,0,0.7,61,58
2015,529,Buffalo,12,64,60.5,71.3,1.31,0,5.9,37,46
2015,528,Butler,6,32,70.3,78.7,-2.28,1,6.3,36,23
2015,526,Cincinnati,8,32,65.2,74.8,-0.33,1,5.8,39,29
2015,525,Coastal Carolina,16,64,53.6,90.8,-1.01,0,0.9,59,62
2015,524,Davidson,10,64,65.8,75.1,-0.39,1,5.8,38,38
2015,523,Dayton,11,32,61.8,72.7,0.69,1,5.8,40,44
2015,522,Duke,1,1,89.4,66.6,-0.42,6,70.5,5,3
2015,521,Eastern Washington,13,64,53.4,73.5,0.87,0,2.6,51,51
2015,520,Georgetown,4,32,73,68,0.08,1,17.5,19,16
2015,519,Georgia,10,64,64.3,81.7,-2.62,0,3.2,49,40
2015,518,Georgia St.,14,32,61.8,75.9,0.67,1,5.2,41,53
2015,517,Gonzaga,2,8,86.1,66.3,0.1,3,70.2,6,7
2015,516,Hampton,16,64,45.6,94.7,-2.03,0,0.3,64,64
2015,515,Harvard,13,64,57.7,79.9,-0.64,0,2.3,52,50
2015,514,Indiana,10,64,62.6,79.9,-2.01,0,3.2,50,37
2015,513,Iowa,7,32,71.3,73.4,-0.35,0,11.9,25,27
2015,512,Iowa St.,3,64,79.8,66.9,0.32,0,33.8,12,9
2015,511,Kansas,2,32,83.7,70.8,-2.71,1,39.6,10,8
2015,510,Kentucky,1,4,95.1,63.1,2.25,4,79.6,4,1
2015,509,Lafayette,16,64,48.8,86.1,0.21,0,0.8,60,61
2015,508,Louisville,4,8,82,66.2,1.16,3,46.4,8,15
2015,507,LSU,9,64,66.7,73.1,0.42,0,7.5,31,35
2015,505,Maryland,4,32,69.6,69.7,-0.94,1,9.3,29,14
2015,504,Michigan St.,7,4,80.9,73.3,-0.32,4,25.3,16,25
2015,503,Mississippi,11,64,62.7,72.5,0.76,0,6.4,35,43
2015,502,New Mexico St.,15,64,58.5,82.8,0.01,0,2.2,54,57
2015,501,North Carolina,4,16,83.1,67,0.68,2,42.3,9,13
2015,500,North Carolina St.,8,16,67.5,73.9,-0.02,2,7.2,33,31
2015,499,North Dakota St.,15,64,50.6,84.8,-0.56,0,1,58,60
2015,497,Northeastern,14,64,54.1,79.3,-0.27,0,1.9,55,54
2015,496,Northern Iowa,5,32,71.1,68.2,0.91,1,13.4,23,20
2015,495,Notre Dame,3,8,79.9,68.5,-0.7,3,24.1,17,12
2015,494,Ohio St.,10,32,77.2,74.4,-0.15,1,16.2,20,39
2015,493,Oklahoma,3,16,79.5,65.9,0.96,2,37,11,11
2015,492,Oklahoma St.,9,64,64.4,71.5,0.9,0,6.7,34,34
2015,491,Oregon,8,32,63.1,74.2,-0.12,1,4.4,45,30
2015,490,Providence,6,64,68.3,69.7,0.51,0,9.8,28,22
2015,489,Purdue,9,64,64,73.8,0.21,0,4.9,43,36
2015,488,Robert Morris,16,64,49.4,89.2,-0.6,0,0.6,62,63
2015,487,San Diego St.,8,32,73.6,72.8,0.37,1,15,21,32
2015,486,SMU,6,64,71.7,72.7,-0.42,0,12,24,21
2015,485,St. John's,9,64,63.1,78,-1.05,0,3.6,46,33
2015,484,Stephen F. Austin,12,64,64.6,77.2,-0.61,0,4.9,42,48
2015,483,Texas,11,64,79.1,73.8,0.27,0,25.4,15,41
2015,482,Texas Southern,15,64,48.3,89.5,-1.9,0,0.5,63,59
2015,481,UAB,14,32,52.5,78.9,-0.16,1,1.8,57,55
2015,480,UC Irvine,13,64,56.8,79.1,-0.45,0,2.3,53,52
2015,479,UCLA,11,16,68,74.4,0.04,2,8.8,30,42
2015,478,Utah,5,16,79.2,70.2,-0.03,2,32.4,13,17
2015,477,Valparaiso,13,64,61.4,69.6,1.79,0,7.4,32,49
2015,476,VCU,7,64,68.9,80.4,-2.75,0,4.8,44,28
2015,475,Villanova,1,32,86.3,66.2,-0.11,1,67.1,7,2
2015,474,Virginia,2,32,89.5,67.7,-0.78,1,79.7,3,5
2015,473,West Virginia,5,16,69.9,68.6,0.72,2,14,22,19
2015,472,Wichita St.,7,16,79.3,71.5,0.3,2,26.8,14,26
2015,471,Wisconsin,1,2,91.1,66.5,-0.34,5,83.9,2,4
2015,470,Wofford,12,64,56.3,73.5,0.59,0,3.5,47,47
2015,469,Wyoming,12,64,56.7,73.6,0.56,0,3.4,48,45
2015,468,Xavier,6,16,68.2,69.9,0.45,2,10.5,27,24
2014,467,Albany,16,64,49.5,86.7,0.05,0,0.8,63,63
2014,466,American,15,64,56.4,77.3,1.58,0,3.1,51,60
2014,465,Arizona,1,8,90.5,68.2,-1.64,3,103.2,1,2
2014,464,Arizona St.,10,64,65.6,71,0.99,0,8.5,33,40
2014,463,Baylor,6,16,70.5,67.7,1.13,2,17,25,24
2014,462,BYU,10,64,63.5,73.5,0.15,0,7.1,36,39
2014,461,Cal Poly,16,64,50.9,83.8,0.8,0,1.1,60,64
2014,460,Cincinnati,5,64,72.8,73.3,-1.49,0,14.1,29,17
2014,459,Coastal Carolina,16,64,47.9,81.2,1.48,0,1.1,61,61
2014,458,Colorado,8,64,64.8,77.5,-1.29,0,5.3,42,32
2014,457,Connecticut,7,1,73,69,1.15,6,22.2,20,26
2014,456,Creighton,3,32,80.2,65.4,1.28,1,53.4,8,11
2014,455,Dayton,11,8,61.9,78.8,-1.62,3,3.5,50,41
2014,454,Delaware,13,64,54.9,82.3,-1.2,0,1.5,58,52
2014,453,Duke,3,64,85.1,67.6,-0.12,0,58,5,9
2014,452,Eastern Kentucky,15,64,50.9,85,-0.62,0,0.9,62,57
2014,451,Florida,1,4,86.9,66.6,-0.42,4,53.7,7,1
2014,450,George Washington,9,64,63.8,72.5,0.6,0,6.9,37,34
2014,449,Gonzaga,8,32,77.5,81.4,-2.67,1,15.3,26,30
2014,448,Harvard,12,32,67.8,74.8,0.17,1,8.2,34,47
2014,446,Iowa St.,3,16,76,67.5,-0.06,2,27.2,16,12
2014,445,Kansas,2,32,86.2,67.2,-0.47,1,74.5,2,7
2014,444,Kansas St.,9,64,66.4,80.6,-1.83,0,4.5,47,33
2014,443,Kentucky,8,2,79.6,73.1,0.27,5,25.7,17,29
2014,442,Louisiana Lafayette,14,64,55.2,78.8,-0.13,0,2.4,53,55
2014,441,Louisville,4,16,87.8,67.3,0.5,2,71.1,3,13
2014,440,Manhattan,13,64,59.4,84,-1.6,0,2,55,49
2014,439,Massachusetts,6,64,64.6,77.4,-1.88,0,4.1,49,23
2014,438,Memphis,8,32,68.7,70.7,1.12,1,11.4,31,31
2014,437,Mercer,14,32,58.5,83.5,-1.44,1,2,54,54
2014,436,Michigan,2,8,82.1,65.4,0.66,3,53,9,6
2014,435,Michigan St.,4,8,85,66,1.28,3,62.3,4,14
2014,434,Milwaukee,15,64,49.5,77.8,1.43,0,1.6,57,58
2014,432,Nebraska,11,64,59.4,73.3,0.46,0,4.6,46,42
2014,431,New Mexico,7,64,75.5,73.4,-0.35,0,17.8,24,28
2014,430,New Mexico St.,13,64,62.4,74,0.75,0,6.4,40,51
2014,429,North Carolina,6,32,73.9,68.4,0.91,1,24.1,18,21
2014,428,North Carolina Central,14,64,60.1,75.3,0.84,0,4.9,44,56
2014,427,North Carolina St.,12,64,62.9,73.3,0.66,0,5.2,43,45
2014,426,North Dakota St.,12,32,61.3,71.5,1.25,1,6.7,38,46
2014,425,Ohio St.,6,64,78.4,70,0.42,0,29.1,15,22
2014,424,Oklahoma,5,64,68.9,69.9,0.11,0,12.3,30,20
2014,423,Oklahoma St.,9,64,78.2,80.7,-1.86,0,15.1,27,35
2014,422,Oregon,7,32,71.8,69.8,0.88,1,18.4,23,27
2014,421,Pittsburgh,9,32,72.8,71.5,0.9,1,14.6,28,36
2014,420,Providence,11,64,62.9,74.3,0.08,0,6.4,39,43
2014,419,Saint Joseph's,10,64,62.7,74,-0.02,0,5.8,41,38
2014,418,Saint Louis,5,32,68.7,72.6,-1.16,1,9.2,32,18
2014,417,San Diego St.,4,16,75.1,69.4,-0.76,2,23.5,19,16
2014,416,Stanford,10,16,65.6,77.9,-1.34,2,4.7,45,37
2014,415,Stephen F. Austin,12,32,60.2,75,0.1,1,4.2,48,48
2014,414,Syracuse,3,32,81.6,67.8,-0.25,1,42.5,12,10
2014,413,Tennessee,11,16,74.8,71.1,1.29,2,21.1,21,44
2014,412,Texas,7,32,65.9,72.3,0.03,1,7.4,35,25
2014,410,Tulsa,13,64,58.1,77.5,-0.07,0,3,52,50
2014,409,UCLA,4,16,79.3,67.8,0.2,2,39.7,13,15
2014,408,VCU,5,64,73.9,69.5,0.3,0,19.6,22,19
2014,407,Villanova,2,32,78.5,64.7,1.09,1,47.9,11,5
2014,406,Virginia,1,16,81.4,65.5,0.42,2,57.1,6,4
2014,405,Weber St.,16,64,51.8,90.3,-0.88,0,0.7,64,62
2014,404,Western Michigan,14,64,54.1,80.6,-0.63,0,1.7,56,53
2014,403,Wichita St.,1,32,83.9,69,-2.25,1,50.6,10,3
2014,402,Wisconsin,2,4,78,67.9,-0.9,4,31.2,14,8
2014,401,Wofford,15,64,50.3,81,0.52,0,1.3,59,59
2013,399,Akron,12,64,65.3,74.2,0.36,0,7.3,40,49
2013,398,Albany,15,64,50.7,84.7,-0.53,0,1,61,60
2013,397,Arizona,6,16,77.6,69.9,0.45,2,33.8,11,21
2013,396,Belmont,11,64,65.6,76.6,-0.79,0,6.6,41,44
2013,394,Bucknell,11,64,64.9,69.1,2.05,0,12.7,27,47
2013,393,Butler,6,32,65.5,69,0.73,1,8.9,35,22
2013,392,California,12,32,63.7,75,0.1,1,5.3,47,42
2013,391,Cincinnati,10,64,67.6,76.9,-1,0,6.4,43,37
2013,390,Colorado,10,64,64.5,69.2,1.6,0,10.8,32,36
2013,389,Colorado St.,8,32,71.6,80,-2.17,1,8.5,36,30
2013,388,Creighton,7,32,74.1,74.4,-0.69,1,16,23,25
2013,387,Davidson,14,64,60.4,73.1,1.45,0,6.2,44,53
2013,386,Duke,2,8,85.8,67.3,-0.53,3,71.3,5,6
2013,385,Florida,3,8,88.9,66.4,0.64,3,100.6,1,10
2013,384,Florida Gulf Coast,15,16,54,78,1.38,2,2.3,55,57
2013,383,Georgetown,2,64,78.6,68.4,-1.21,0,24.3,16,7
2013,382,Gonzaga,1,32,87,68.5,-1.86,1,79.2,4,4
2013,381,Harvard,14,32,55.8,74.6,1.03,1,3.3,51,56
2013,380,Illinois,7,32,65.2,70.2,0.74,1,9.6,33,28
2013,379,Indiana,1,16,90,66.3,-0.19,2,79.8,2,3
2013,378,Iona,15,64,56,81.9,0.26,0,2.1,56,59
2013,377,Iowa St.,10,32,66.5,73.2,0.25,1,8.9,34,39
2013,376,James Madison,16,64,49.4,89.8,-0.75,0,0.6,63,63
2013,375,Kansas,1,16,86.3,67.4,-1.03,2,59.8,8,2
2013,374,Kansas St.,4,64,72.6,70.5,-1.42,0,15.9,24,14
2013,373,La Salle,13,16,60.3,73.2,0.94,2,5.5,46,48
2013,370,Louisville,1,1,89.5,66.4,-0.26,6,79.6,3,1
2013,369,Marquette,3,8,73.9,67,0.26,3,27.2,15,12
2013,368,Memphis,6,32,73.2,74.6,-1.01,1,13.3,26,23
2013,367,Miami FL,2,16,79.1,65.1,0.84,2,34.7,10,5
2013,366,Michigan,4,2,85.4,67.6,0.32,5,67.4,6,13
2013,365,Michigan St.,3,16,80.3,70.5,-1.98,2,31.7,12,11
2013,363,Minnesota,11,32,72.7,75.1,-0.22,1,11.4,31,41
2013,362,Mississippi,12,32,65.8,77,-0.55,1,6.5,42,46
2013,361,Missouri,9,64,76.2,76.6,-0.63,0,16.4,22,33
2013,360,Montana,13,64,53.5,81.7,-1.06,0,1.4,58,52
2013,359,New Mexico,3,64,74.8,68.2,-0.51,0,23.1,17,9
2013,358,New Mexico St.,13,64,58.6,72.5,1.1,0,5,49,50
2013,357,North Carolina,8,32,75.4,70.5,1.19,1,19.2,20,29
2013,356,North Carolina A&T,16,64,46.7,89.3,-0.62,0,0.5,64,64
2013,355,North Carolina St.,8,64,77,71.4,0.87,0,21.7,18,32
2013,354,Northwestern St.,14,64,53.5,87.2,-2.47,0,1,59,55
2013,353,Notre Dame,7,64,69.5,72.7,-0.11,0,11.6,30,27
2013,352,Ohio St.,2,8,83.1,67.4,-0.59,3,50.6,9,8
2013,351,Oklahoma,10,64,63.2,74.8,-0.29,0,5.2,48,40
2013,350,Oklahoma St.,5,64,69.9,70.6,-0.22,0,14.1,25,17
2013,349,Oregon,12,16,64.5,71.5,1.25,2,7.9,37,43
2013,348,Pacific,15,64,53.5,78,1.38,0,2.4,54,58
2013,347,Pittsburgh,8,64,79.4,75.1,-0.44,0,27.9,14,31
2013,346,Saint Louis,4,32,73,68.4,-0.16,1,19.5,19,15
2013,345,Saint Mary's,11,64,70.7,75.7,-0.45,0,12.1,29,45
2013,344,San Diego St.,7,32,72.6,70.6,0.61,1,17.7,21,26
2013,343,South Dakota St.,13,64,57.7,82.4,-1.22,0,1.9,57,51
2013,342,Southern,16,64,52.2,86.9,0,0,1,60,62
2013,341,Syracuse,4,4,84.2,66.4,1.04,4,65,7,16
2013,340,Temple,9,32,60.3,80.4,-1.77,1,2.5,53,34
2013,339,UCLA,6,64,70.3,77.1,-1.78,0,7.4,39,24
2013,338,UNLV,5,64,72.5,72.3,-1.02,0,12.4,28,18
2013,337,Valparaiso,14,64,60.8,79.5,-0.33,0,3.7,50,54
2013,336,VCU,5,32,70.8,73.3,-1.49,1,7.8,38,20
2013,335,Villanova,9,64,60.5,78.4,-1.17,0,3,52,38
2013,334,Western Kentucky,16,64,50,86.1,0.21,0,0.9,62,61
2013,333,Wichita St.,9,4,68.7,81.1,-1.99,4,5.7,45,35
2013,332,Wisconsin,5,64,78.6,70.9,-0.36,0,30.5,13,19